{
	"pattrstorage" : 	{
		"name" : "hoa.fx.convolve_map_pattr",
		"slots" : 		{
			"1" : 			{
				"id" : 1,
				"data" : 				{
					"hoa.2d.map" : [ "_source_preset_data_", "source", 1, 1, -0.951049, 0.603397, 0.0, 0, 0.2, 0.2, 0.2, 1.0, "", "source", 2, 1, 0.327672, 1.042957, 0.0, 0, 0.2, 0.2, 0.2, 1.0, "", "source", 3, 1, 1.086913, 0.003996, 0.0, 0, 0.2, 0.2, 0.2, 1.0, "", "source", 4, 1, 0.407592, -0.915085, 0.0, 0, 0.2, 0.2, 0.2, 1.0, "", "source", 5, 1, -0.871129, -0.635365, 0.0, 0, 0.2, 0.2, 0.2, 1.0, "", "source", 6, 0, 0.0, 0.0, 0.0, 0, 0.0, 0.0, 0.0, 1.0, "", "source", 7, 0, 0.0, 0.0, 0.0, 0, 0.0, 0.0, 0.0, 1.0, "", "source", 8, 0, 0.0, 0.0, 0.0, 0, 0.0, 0.0, 0.0, 1.0, "", "source", 9, 0, 0.0, 0.0, 0.0, 0, 0.0, 0.0, 0.0, 1.0, "", "source", 10, 0, 0.0, 0.0, 0.0, 0, 0.0, 0.0, 0.0, 1.0, "", "source", 11, 0, 0.0, 0.0, 0.0, 0, 0.0, 0.0, 0.0, 1.0, "", "source", 12, 0, 0.0, 0.0, 0.0, 0, 0.0, 0.0, 0.0, 1.0, "", "source", 13, 0, 0.0, 0.0, 0.0, 0, 0.0, 0.0, 0.0, 1.0, "", "source", 14, 0, 0.0, 0.0, 0.0, 0, 0.0, 0.0, 0.0, 1.0, "", "source", 15, 0, 0.0, 0.0, 0.0, 0, 0.0, 0.0, 0.0, 1.0, "", "source", 16, 0, 0.0, 0.0, 0.0, 0, 0.0, 0.0, 0.0, 1.0, "", "source", 17, 0, 0.0, 0.0, 0.0, 0, 0.0, 0.0, 0.0, 1.0, "", "source", 18, 0, 0.0, 0.0, 0.0, 0, 0.0, 0.0, 0.0, 1.0, "", "source", 19, 0, 0.0, 0.0, 0.0, 0, 0.0, 0.0, 0.0, 1.0, "", "source", 20, 0, 0.0, 0.0, 0.0, 0, 0.0, 0.0, 0.0, 1.0, "", "source", 21, 0, 0.0, 0.0, 0.0, 0, 0.0, 0.0, 0.0, 1.0, "", "source", 22, 0, 0.0, 0.0, 0.0, 0, 0.0, 0.0, 0.0, 1.0, "", "source", 23, 0, 0.0, 0.0, 0.0, 0, 0.0, 0.0, 0.0, 1.0, "", "source", 24, 0, 0.0, 0.0, 0.0, 0, 0.0, 0.0, 0.0, 1.0, "", "source", 25, 0, 0.0, 0.0, 0.0, 0, 0.0, 0.0, 0.0, 1.0, "", "source", 26, 0, 0.0, 0.0, 0.0, 0, 0.0, 0.0, 0.0, 1.0, "", "source", 27, 0, 0.0, 0.0, 0.0, 0, 0.0, 0.0, 0.0, 1.0, "", "source", 28, 0, 0.0, 0.0, 0.0, 0, 0.0, 0.0, 0.0, 1.0, "", "source", 29, 0, 0.0, 0.0, 0.0, 0, 0.0, 0.0, 0.0, 1.0, "", "source", 30, 0, 0.0, 0.0, 0.0, 0, 0.0, 0.0, 0.0, 1.0, "", "source", 31, 0, 0.0, 0.0, 0.0, 0, 0.0, 0.0, 0.0, 1.0, "", "source", 32, 0, 0.0, 0.0, 0.0, 0, 0.0, 0.0, 0.0, 1.0, "", "source", 33, 0, 0.0, 0.0, 0.0, 0, 0.0, 0.0, 0.0, 1.0, "", "source", 34, 0, 0.0, 0.0, 0.0, 0, 0.0, 0.0, 0.0, 1.0, "", "source", 35, 0, 0.0, 0.0, 0.0, 0, 0.0, 0.0, 0.0, 1.0, "", "source", 36, 0, 0.0, 0.0, 0.0, 0, 0.0, 0.0, 0.0, 1.0, "", "source", 37, 0, 0.0, 0.0, 0.0, 0, 0.0, 0.0, 0.0, 1.0, "", "source", 38, 0, 0.0, 0.0, 0.0, 0, 0.0, 0.0, 0.0, 1.0, "", "source", 39, 0, 0.0, 0.0, 0.0, 0, 0.0, 0.0, 0.0, 1.0, "", "source", 40, 0, 0.0, 0.0, 0.0, 0, 0.0, 0.0, 0.0, 1.0, "", "source", 41, 0, 0.0, 0.0, 0.0, 0, 0.0, 0.0, 0.0, 1.0, "", "source", 42, 0, 0.0, 0.0, 0.0, 0, 0.0, 0.0, 0.0, 1.0, "", "source", 43, 0, 0.0, 0.0, 0.0, 0, 0.0, 0.0, 0.0, 1.0, "", "source", 44, 0, 0.0, 0.0, 0.0, 0, 0.0, 0.0, 0.0, 1.0, "", "source", 45, 0, 0.0, 0.0, 0.0, 0, 0.0, 0.0, 0.0, 1.0, "", "source", 46, 0, 0.0, 0.0, 0.0, 0, 0.0, 0.0, 0.0, 1.0, "", "source", 47, 0, 0.0, 0.0, 0.0, 0, 0.0, 0.0, 0.0, 1.0, "", "source", 48, 0, 0.0, 0.0, 0.0, 0, 0.0, 0.0, 0.0, 1.0, "", "source", 49, 0, 0.0, 0.0, 0.0, 0, 0.0, 0.0, 0.0, 1.0, "", "source", 50, 0, 0.0, 0.0, 0.0, 0, 0.0, 0.0, 0.0, 1.0, "", "source", 51, 0, 0.0, 0.0, 0.0, 0, 0.0, 0.0, 0.0, 1.0, "", "source", 52, 0, 0.0, 0.0, 0.0, 0, 0.0, 0.0, 0.0, 1.0, "", "source", 53, 0, 0.0, 0.0, 0.0, 0, 0.0, 0.0, 0.0, 1.0, "", "source", 54, 0, 0.0, 0.0, 0.0, 0, 0.0, 0.0, 0.0, 1.0, "", "source", 55, 0, 0.0, 0.0, 0.0, 0, 0.0, 0.0, 0.0, 1.0, "", "source", 56, 0, 0.0, 0.0, 0.0, 0, 0.0, 0.0, 0.0, 1.0, "", "source", 57, 0, 0.0, 0.0, 0.0, 0, 0.0, 0.0, 0.0, 1.0, "", "source", 58, 0, 0.0, 0.0, 0.0, 0, 0.0, 0.0, 0.0, 1.0, "", "source", 59, 0, 0.0, 0.0, 0.0, 0, 0.0, 0.0, 0.0, 1.0, "", "source", 60, 0, 0.0, 0.0, 0.0, 0, 0.0, 0.0, 0.0, 1.0, "", "source", 61, 0, 0.0, 0.0, 0.0, 0, 0.0, 0.0, 0.0, 1.0, "", "source", 62, 0, 0.0, 0.0, 0.0, 0, 0.0, 0.0, 0.0, 1.0, "", "source", 63, 0, 0.0, 0.0, 0.0, 0, 0.0, 0.0, 0.0, 1.0, "", "source", 64, 0, 0.0, 0.0, 0.0, 0, 0.0, 0.0, 0.0, 1.0, "", "_group_preset_data_", "group", 1, 1, "1 2 3 4 5", 0.2, 0.2, 0.2, 1.0, "", "group", 2, 0, "", 0.0, 0.0, 0.0, 0.0, "", "group", 3, 0, "", 0.0, 0.0, 0.0, 0.0, "", "group", 4, 0, "", 0.0, 0.0, 0.0, 0.0, "", "group", 5, 0, "", 0.0, 0.0, 0.0, 0.0, "", "group", 6, 0, "", 0.0, 0.0, 0.0, 0.0, "", "group", 7, 0, "", 0.0, 0.0, 0.0, 0.0, "", "group", 8, 0, "", 0.0, 0.0, 0.0, 0.0, "", "group", 9, 0, "", 0.0, 0.0, 0.0, 0.0, "", "group", 10, 0, "", 0.0, 0.0, 0.0, 0.0, "", "group", 11, 0, "", 0.0, 0.0, 0.0, 0.0, "", "group", 12, 0, "", 0.0, 0.0, 0.0, 0.0, "", "group", 13, 0, "", 0.0, 0.0, 0.0, 0.0, "", "group", 14, 0, "", 0.0, 0.0, 0.0, 0.0, "", "group", 15, 0, "", 0.0, 0.0, 0.0, 0.0, "", "group", 16, 0, "", 0.0, 0.0, 0.0, 0.0, "", "group", 17, 0, "", 0.0, 0.0, 0.0, 0.0, "", "group", 18, 0, "", 0.0, 0.0, 0.0, 0.0, "", "group", 19, 0, "", 0.0, 0.0, 0.0, 0.0, "", "group", 20, 0, "", 0.0, 0.0, 0.0, 0.0, "", "group", 21, 0, "", 0.0, 0.0, 0.0, 0.0, "", "group", 22, 0, "", 0.0, 0.0, 0.0, 0.0, "", "group", 23, 0, "", 0.0, 0.0, 0.0, 0.0, "", "group", 24, 0, "", 0.0, 0.0, 0.0, 0.0, "", "group", 25, 0, "", 0.0, 0.0, 0.0, 0.0, "", "group", 26, 0, "", 0.0, 0.0, 0.0, 0.0, "", "group", 27, 0, "", 0.0, 0.0, 0.0, 0.0, "", "group", 28, 0, "", 0.0, 0.0, 0.0, 0.0, "", "group", 29, 0, "", 0.0, 0.0, 0.0, 0.0, "", "group", 30, 0, "", 0.0, 0.0, 0.0, 0.0, "", "group", 31, 0, "", 0.0, 0.0, 0.0, 0.0, "", "group", 32, 0, "", 0.0, 0.0, 0.0, 0.0, "", "group", 33, 0, "", 0.0, 0.0, 0.0, 0.0, "", "group", 34, 0, "", 0.0, 0.0, 0.0, 0.0, "", "group", 35, 0, "", 0.0, 0.0, 0.0, 0.0, "", "group", 36, 0, "", 0.0, 0.0, 0.0, 0.0, "", "group", 37, 0, "", 0.0, 0.0, 0.0, 0.0, "", "group", 38, 0, "", 0.0, 0.0, 0.0, 0.0, "", "group", 39, 0, "", 0.0, 0.0, 0.0, 0.0, "", "group", 40, 0, "", 0.0, 0.0, 0.0, 0.0, "", "group", 41, 0, "", 0.0, 0.0, 0.0, 0.0, "", "group", 42, 0, "", 0.0, 0.0, 0.0, 0.0, "", "group", 43, 0, "", 0.0, 0.0, 0.0, 0.0, "", "group", 44, 0, "", 0.0, 0.0, 0.0, 0.0, "", "group", 45, 0, "", 0.0, 0.0, 0.0, 0.0, "", "group", 46, 0, "", 0.0, 0.0, 0.0, 0.0, "", "group", 47, 0, "", 0.0, 0.0, 0.0, 0.0, "", "group", 48, 0, "", 0.0, 0.0, 0.0, 0.0, "", "group", 49, 0, "", 0.0, 0.0, 0.0, 0.0, "", "group", 50, 0, "", 0.0, 0.0, 0.0, 0.0, "", "group", 51, 0, "", 0.0, 0.0, 0.0, 0.0, "", "group", 52, 0, "", 0.0, 0.0, 0.0, 0.0, "", "group", 53, 0, "", 0.0, 0.0, 0.0, 0.0, "", "group", 54, 0, "", 0.0, 0.0, 0.0, 0.0, "", "group", 55, 0, "", 0.0, 0.0, 0.0, 0.0, "", "group", 56, 0, "", 0.0, 0.0, 0.0, 0.0, "", "group", 57, 0, "", 0.0, 0.0, 0.0, 0.0, "", "group", 58, 0, "", 0.0, 0.0, 0.0, 0.0, "", "group", 59, 0, "", 0.0, 0.0, 0.0, 0.0, "", "group", 60, 0, "", 0.0, 0.0, 0.0, 0.0, "", "group", 61, 0, "", 0.0, 0.0, 0.0, 0.0, "", "group", 62, 0, "", 0.0, 0.0, 0.0, 0.0, "", "group", 63, 0, "", 0.0, 0.0, 0.0, 0.0, "", "group", 64, 0, "", 0.0, 0.0, 0.0, 0.0, "" ]
				}

			}
,
			"2" : 			{
				"id" : 2,
				"data" : 				{
					"hoa.2d.map" : [ "_source_preset_data_", "source", 1, 1, -0.158143, -1.08948, 0.0, 0, 0.2, 0.2, 0.2, 1.0, "", "source", 2, 1, -1.104485, -0.123676, 0.0, 0, 0.2, 0.2, 0.2, 1.0, "", "source", 3, 1, -0.492538, 1.008317, 0.0, 0, 0.2, 0.2, 0.2, 1.0, "", "source", 4, 1, 0.629263, 0.789798, 0.0, 0, 0.2, 0.2, 0.2, 1.0, "", "source", 5, 1, 0.926103, -0.485058, 0.0, 0, 0.2, 0.2, 0.2, 1.0, "", "source", 6, 0, 0.0, 0.0, 0.0, 0, 0.0, 0.0, 0.0, 1.0, "", "source", 7, 0, 0.0, 0.0, 0.0, 0, 0.0, 0.0, 0.0, 1.0, "", "source", 8, 0, 0.0, 0.0, 0.0, 0, 0.0, 0.0, 0.0, 1.0, "", "source", 9, 0, 0.0, 0.0, 0.0, 0, 0.0, 0.0, 0.0, 1.0, "", "source", 10, 0, 0.0, 0.0, 0.0, 0, 0.0, 0.0, 0.0, 1.0, "", "source", 11, 0, 0.0, 0.0, 0.0, 0, 0.0, 0.0, 0.0, 1.0, "", "source", 12, 0, 0.0, 0.0, 0.0, 0, 0.0, 0.0, 0.0, 1.0, "", "source", 13, 0, 0.0, 0.0, 0.0, 0, 0.0, 0.0, 0.0, 1.0, "", "source", 14, 0, 0.0, 0.0, 0.0, 0, 0.0, 0.0, 0.0, 1.0, "", "source", 15, 0, 0.0, 0.0, 0.0, 0, 0.0, 0.0, 0.0, 1.0, "", "source", 16, 0, 0.0, 0.0, 0.0, 0, 0.0, 0.0, 0.0, 1.0, "", "source", 17, 0, 0.0, 0.0, 0.0, 0, 0.0, 0.0, 0.0, 1.0, "", "source", 18, 0, 0.0, 0.0, 0.0, 0, 0.0, 0.0, 0.0, 1.0, "", "source", 19, 0, 0.0, 0.0, 0.0, 0, 0.0, 0.0, 0.0, 1.0, "", "source", 20, 0, 0.0, 0.0, 0.0, 0, 0.0, 0.0, 0.0, 1.0, "", "source", 21, 0, 0.0, 0.0, 0.0, 0, 0.0, 0.0, 0.0, 1.0, "", "source", 22, 0, 0.0, 0.0, 0.0, 0, 0.0, 0.0, 0.0, 1.0, "", "source", 23, 0, 0.0, 0.0, 0.0, 0, 0.0, 0.0, 0.0, 1.0, "", "source", 24, 0, 0.0, 0.0, 0.0, 0, 0.0, 0.0, 0.0, 1.0, "", "source", 25, 0, 0.0, 0.0, 0.0, 0, 0.0, 0.0, 0.0, 1.0, "", "source", 26, 0, 0.0, 0.0, 0.0, 0, 0.0, 0.0, 0.0, 1.0, "", "source", 27, 0, 0.0, 0.0, 0.0, 0, 0.0, 0.0, 0.0, 1.0, "", "source", 28, 0, 0.0, 0.0, 0.0, 0, 0.0, 0.0, 0.0, 1.0, "", "source", 29, 0, 0.0, 0.0, 0.0, 0, 0.0, 0.0, 0.0, 1.0, "", "source", 30, 0, 0.0, 0.0, 0.0, 0, 0.0, 0.0, 0.0, 1.0, "", "source", 31, 0, 0.0, 0.0, 0.0, 0, 0.0, 0.0, 0.0, 1.0, "", "source", 32, 0, 0.0, 0.0, 0.0, 0, 0.0, 0.0, 0.0, 1.0, "", "source", 33, 0, 0.0, 0.0, 0.0, 0, 0.0, 0.0, 0.0, 1.0, "", "source", 34, 0, 0.0, 0.0, 0.0, 0, 0.0, 0.0, 0.0, 1.0, "", "source", 35, 0, 0.0, 0.0, 0.0, 0, 0.0, 0.0, 0.0, 1.0, "", "source", 36, 0, 0.0, 0.0, 0.0, 0, 0.0, 0.0, 0.0, 1.0, "", "source", 37, 0, 0.0, 0.0, 0.0, 0, 0.0, 0.0, 0.0, 1.0, "", "source", 38, 0, 0.0, 0.0, 0.0, 0, 0.0, 0.0, 0.0, 1.0, "", "source", 39, 0, 0.0, 0.0, 0.0, 0, 0.0, 0.0, 0.0, 1.0, "", "source", 40, 0, 0.0, 0.0, 0.0, 0, 0.0, 0.0, 0.0, 1.0, "", "source", 41, 0, 0.0, 0.0, 0.0, 0, 0.0, 0.0, 0.0, 1.0, "", "source", 42, 0, 0.0, 0.0, 0.0, 0, 0.0, 0.0, 0.0, 1.0, "", "source", 43, 0, 0.0, 0.0, 0.0, 0, 0.0, 0.0, 0.0, 1.0, "", "source", 44, 0, 0.0, 0.0, 0.0, 0, 0.0, 0.0, 0.0, 1.0, "", "source", 45, 0, 0.0, 0.0, 0.0, 0, 0.0, 0.0, 0.0, 1.0, "", "source", 46, 0, 0.0, 0.0, 0.0, 0, 0.0, 0.0, 0.0, 1.0, "", "source", 47, 0, 0.0, 0.0, 0.0, 0, 0.0, 0.0, 0.0, 1.0, "", "source", 48, 0, 0.0, 0.0, 0.0, 0, 0.0, 0.0, 0.0, 1.0, "", "source", 49, 0, 0.0, 0.0, 0.0, 0, 0.0, 0.0, 0.0, 1.0, "", "source", 50, 0, 0.0, 0.0, 0.0, 0, 0.0, 0.0, 0.0, 1.0, "", "source", 51, 0, 0.0, 0.0, 0.0, 0, 0.0, 0.0, 0.0, 1.0, "", "source", 52, 0, 0.0, 0.0, 0.0, 0, 0.0, 0.0, 0.0, 1.0, "", "source", 53, 0, 0.0, 0.0, 0.0, 0, 0.0, 0.0, 0.0, 1.0, "", "source", 54, 0, 0.0, 0.0, 0.0, 0, 0.0, 0.0, 0.0, 1.0, "", "source", 55, 0, 0.0, 0.0, 0.0, 0, 0.0, 0.0, 0.0, 1.0, "", "source", 56, 0, 0.0, 0.0, 0.0, 0, 0.0, 0.0, 0.0, 1.0, "", "source", 57, 0, 0.0, 0.0, 0.0, 0, 0.0, 0.0, 0.0, 1.0, "", "source", 58, 0, 0.0, 0.0, 0.0, 0, 0.0, 0.0, 0.0, 1.0, "", "source", 59, 0, 0.0, 0.0, 0.0, 0, 0.0, 0.0, 0.0, 1.0, "", "source", 60, 0, 0.0, 0.0, 0.0, 0, 0.0, 0.0, 0.0, 1.0, "", "source", 61, 0, 0.0, 0.0, 0.0, 0, 0.0, 0.0, 0.0, 1.0, "", "source", 62, 0, 0.0, 0.0, 0.0, 0, 0.0, 0.0, 0.0, 1.0, "", "source", 63, 0, 0.0, 0.0, 0.0, 0, 0.0, 0.0, 0.0, 1.0, "", "source", 64, 0, 0.0, 0.0, 0.0, 0, 0.0, 0.0, 0.0, 1.0, "", "_group_preset_data_", "group", 1, 1, "1 2 3 4 5", 0.2, 0.2, 0.2, 1.0, "", "group", 2, 0, "", 0.0, 0.0, 0.0, 0.0, "", "group", 3, 0, "", 0.0, 0.0, 0.0, 0.0, "", "group", 4, 0, "", 0.0, 0.0, 0.0, 0.0, "", "group", 5, 0, "", 0.0, 0.0, 0.0, 0.0, "", "group", 6, 0, "", 0.0, 0.0, 0.0, 0.0, "", "group", 7, 0, "", 0.0, 0.0, 0.0, 0.0, "", "group", 8, 0, "", 0.0, 0.0, 0.0, 0.0, "", "group", 9, 0, "", 0.0, 0.0, 0.0, 0.0, "", "group", 10, 0, "", 0.0, 0.0, 0.0, 0.0, "", "group", 11, 0, "", 0.0, 0.0, 0.0, 0.0, "", "group", 12, 0, "", 0.0, 0.0, 0.0, 0.0, "", "group", 13, 0, "", 0.0, 0.0, 0.0, 0.0, "", "group", 14, 0, "", 0.0, 0.0, 0.0, 0.0, "", "group", 15, 0, "", 0.0, 0.0, 0.0, 0.0, "", "group", 16, 0, "", 0.0, 0.0, 0.0, 0.0, "", "group", 17, 0, "", 0.0, 0.0, 0.0, 0.0, "", "group", 18, 0, "", 0.0, 0.0, 0.0, 0.0, "", "group", 19, 0, "", 0.0, 0.0, 0.0, 0.0, "", "group", 20, 0, "", 0.0, 0.0, 0.0, 0.0, "", "group", 21, 0, "", 0.0, 0.0, 0.0, 0.0, "", "group", 22, 0, "", 0.0, 0.0, 0.0, 0.0, "", "group", 23, 0, "", 0.0, 0.0, 0.0, 0.0, "", "group", 24, 0, "", 0.0, 0.0, 0.0, 0.0, "", "group", 25, 0, "", 0.0, 0.0, 0.0, 0.0, "", "group", 26, 0, "", 0.0, 0.0, 0.0, 0.0, "", "group", 27, 0, "", 0.0, 0.0, 0.0, 0.0, "", "group", 28, 0, "", 0.0, 0.0, 0.0, 0.0, "", "group", 29, 0, "", 0.0, 0.0, 0.0, 0.0, "", "group", 30, 0, "", 0.0, 0.0, 0.0, 0.0, "", "group", 31, 0, "", 0.0, 0.0, 0.0, 0.0, "", "group", 32, 0, "", 0.0, 0.0, 0.0, 0.0, "", "group", 33, 0, "", 0.0, 0.0, 0.0, 0.0, "", "group", 34, 0, "", 0.0, 0.0, 0.0, 0.0, "", "group", 35, 0, "", 0.0, 0.0, 0.0, 0.0, "", "group", 36, 0, "", 0.0, 0.0, 0.0, 0.0, "", "group", 37, 0, "", 0.0, 0.0, 0.0, 0.0, "", "group", 38, 0, "", 0.0, 0.0, 0.0, 0.0, "", "group", 39, 0, "", 0.0, 0.0, 0.0, 0.0, "", "group", 40, 0, "", 0.0, 0.0, 0.0, 0.0, "", "group", 41, 0, "", 0.0, 0.0, 0.0, 0.0, "", "group", 42, 0, "", 0.0, 0.0, 0.0, 0.0, "", "group", 43, 0, "", 0.0, 0.0, 0.0, 0.0, "", "group", 44, 0, "", 0.0, 0.0, 0.0, 0.0, "", "group", 45, 0, "", 0.0, 0.0, 0.0, 0.0, "", "group", 46, 0, "", 0.0, 0.0, 0.0, 0.0, "", "group", 47, 0, "", 0.0, 0.0, 0.0, 0.0, "", "group", 48, 0, "", 0.0, 0.0, 0.0, 0.0, "", "group", 49, 0, "", 0.0, 0.0, 0.0, 0.0, "", "group", 50, 0, "", 0.0, 0.0, 0.0, 0.0, "", "group", 51, 0, "", 0.0, 0.0, 0.0, 0.0, "", "group", 52, 0, "", 0.0, 0.0, 0.0, 0.0, "", "group", 53, 0, "", 0.0, 0.0, 0.0, 0.0, "", "group", 54, 0, "", 0.0, 0.0, 0.0, 0.0, "", "group", 55, 0, "", 0.0, 0.0, 0.0, 0.0, "", "group", 56, 0, "", 0.0, 0.0, 0.0, 0.0, "", "group", 57, 0, "", 0.0, 0.0, 0.0, 0.0, "", "group", 58, 0, "", 0.0, 0.0, 0.0, 0.0, "", "group", 59, 0, "", 0.0, 0.0, 0.0, 0.0, "", "group", 60, 0, "", 0.0, 0.0, 0.0, 0.0, "", "group", 61, 0, "", 0.0, 0.0, 0.0, 0.0, "", "group", 62, 0, "", 0.0, 0.0, 0.0, 0.0, "", "group", 63, 0, "", 0.0, 0.0, 0.0, 0.0, "", "group", 64, 0, "", 0.0, 0.0, 0.0, 0.0, "" ]
				}

			}
,
			"3" : 			{
				"id" : 3,
				"data" : 				{
					"hoa.2d.map" : [ "_source_preset_data_", "source", 1, 1, 0.385103, -1.011616, 0.0, 0, 0.2, 0.2, 0.2, 1.0, "", "source", 2, 1, -0.907222, -0.613824, 0.0, 0, 0.2, 0.2, 0.2, 1.0, "", "source", 3, 1, -0.908993, 0.672987, 0.0, 0, 0.2, 0.2, 0.2, 1.0, "", "source", 4, 1, 0.181287, 1.015735, 0.0, 0, 0.2, 0.2, 0.2, 1.0, "", "source", 5, 1, 1.050024, 0.036619, 0.0, 0, 0.2, 0.2, 0.2, 1.0, "", "source", 6, 0, 0.0, 0.0, 0.0, 0, 0.0, 0.0, 0.0, 1.0, "", "source", 7, 0, 0.0, 0.0, 0.0, 0, 0.0, 0.0, 0.0, 1.0, "", "source", 8, 0, 0.0, 0.0, 0.0, 0, 0.0, 0.0, 0.0, 1.0, "", "source", 9, 0, 0.0, 0.0, 0.0, 0, 0.0, 0.0, 0.0, 1.0, "", "source", 10, 0, 0.0, 0.0, 0.0, 0, 0.0, 0.0, 0.0, 1.0, "", "source", 11, 0, 0.0, 0.0, 0.0, 0, 0.0, 0.0, 0.0, 1.0, "", "source", 12, 0, 0.0, 0.0, 0.0, 0, 0.0, 0.0, 0.0, 1.0, "", "source", 13, 0, 0.0, 0.0, 0.0, 0, 0.0, 0.0, 0.0, 1.0, "", "source", 14, 0, 0.0, 0.0, 0.0, 0, 0.0, 0.0, 0.0, 1.0, "", "source", 15, 0, 0.0, 0.0, 0.0, 0, 0.0, 0.0, 0.0, 1.0, "", "source", 16, 0, 0.0, 0.0, 0.0, 0, 0.0, 0.0, 0.0, 1.0, "", "source", 17, 0, 0.0, 0.0, 0.0, 0, 0.0, 0.0, 0.0, 1.0, "", "source", 18, 0, 0.0, 0.0, 0.0, 0, 0.0, 0.0, 0.0, 1.0, "", "source", 19, 0, 0.0, 0.0, 0.0, 0, 0.0, 0.0, 0.0, 1.0, "", "source", 20, 0, 0.0, 0.0, 0.0, 0, 0.0, 0.0, 0.0, 1.0, "", "source", 21, 0, 0.0, 0.0, 0.0, 0, 0.0, 0.0, 0.0, 1.0, "", "source", 22, 0, 0.0, 0.0, 0.0, 0, 0.0, 0.0, 0.0, 1.0, "", "source", 23, 0, 0.0, 0.0, 0.0, 0, 0.0, 0.0, 0.0, 1.0, "", "source", 24, 0, 0.0, 0.0, 0.0, 0, 0.0, 0.0, 0.0, 1.0, "", "source", 25, 0, 0.0, 0.0, 0.0, 0, 0.0, 0.0, 0.0, 1.0, "", "source", 26, 0, 0.0, 0.0, 0.0, 0, 0.0, 0.0, 0.0, 1.0, "", "source", 27, 0, 0.0, 0.0, 0.0, 0, 0.0, 0.0, 0.0, 1.0, "", "source", 28, 0, 0.0, 0.0, 0.0, 0, 0.0, 0.0, 0.0, 1.0, "", "source", 29, 0, 0.0, 0.0, 0.0, 0, 0.0, 0.0, 0.0, 1.0, "", "source", 30, 0, 0.0, 0.0, 0.0, 0, 0.0, 0.0, 0.0, 1.0, "", "source", 31, 0, 0.0, 0.0, 0.0, 0, 0.0, 0.0, 0.0, 1.0, "", "source", 32, 0, 0.0, 0.0, 0.0, 0, 0.0, 0.0, 0.0, 1.0, "", "source", 33, 0, 0.0, 0.0, 0.0, 0, 0.0, 0.0, 0.0, 1.0, "", "source", 34, 0, 0.0, 0.0, 0.0, 0, 0.0, 0.0, 0.0, 1.0, "", "source", 35, 0, 0.0, 0.0, 0.0, 0, 0.0, 0.0, 0.0, 1.0, "", "source", 36, 0, 0.0, 0.0, 0.0, 0, 0.0, 0.0, 0.0, 1.0, "", "source", 37, 0, 0.0, 0.0, 0.0, 0, 0.0, 0.0, 0.0, 1.0, "", "source", 38, 0, 0.0, 0.0, 0.0, 0, 0.0, 0.0, 0.0, 1.0, "", "source", 39, 0, 0.0, 0.0, 0.0, 0, 0.0, 0.0, 0.0, 1.0, "", "source", 40, 0, 0.0, 0.0, 0.0, 0, 0.0, 0.0, 0.0, 1.0, "", "source", 41, 0, 0.0, 0.0, 0.0, 0, 0.0, 0.0, 0.0, 1.0, "", "source", 42, 0, 0.0, 0.0, 0.0, 0, 0.0, 0.0, 0.0, 1.0, "", "source", 43, 0, 0.0, 0.0, 0.0, 0, 0.0, 0.0, 0.0, 1.0, "", "source", 44, 0, 0.0, 0.0, 0.0, 0, 0.0, 0.0, 0.0, 1.0, "", "source", 45, 0, 0.0, 0.0, 0.0, 0, 0.0, 0.0, 0.0, 1.0, "", "source", 46, 0, 0.0, 0.0, 0.0, 0, 0.0, 0.0, 0.0, 1.0, "", "source", 47, 0, 0.0, 0.0, 0.0, 0, 0.0, 0.0, 0.0, 1.0, "", "source", 48, 0, 0.0, 0.0, 0.0, 0, 0.0, 0.0, 0.0, 1.0, "", "source", 49, 0, 0.0, 0.0, 0.0, 0, 0.0, 0.0, 0.0, 1.0, "", "source", 50, 0, 0.0, 0.0, 0.0, 0, 0.0, 0.0, 0.0, 1.0, "", "source", 51, 0, 0.0, 0.0, 0.0, 0, 0.0, 0.0, 0.0, 1.0, "", "source", 52, 0, 0.0, 0.0, 0.0, 0, 0.0, 0.0, 0.0, 1.0, "", "source", 53, 0, 0.0, 0.0, 0.0, 0, 0.0, 0.0, 0.0, 1.0, "", "source", 54, 0, 0.0, 0.0, 0.0, 0, 0.0, 0.0, 0.0, 1.0, "", "source", 55, 0, 0.0, 0.0, 0.0, 0, 0.0, 0.0, 0.0, 1.0, "", "source", 56, 0, 0.0, 0.0, 0.0, 0, 0.0, 0.0, 0.0, 1.0, "", "source", 57, 0, 0.0, 0.0, 0.0, 0, 0.0, 0.0, 0.0, 1.0, "", "source", 58, 0, 0.0, 0.0, 0.0, 0, 0.0, 0.0, 0.0, 1.0, "", "source", 59, 0, 0.0, 0.0, 0.0, 0, 0.0, 0.0, 0.0, 1.0, "", "source", 60, 0, 0.0, 0.0, 0.0, 0, 0.0, 0.0, 0.0, 1.0, "", "source", 61, 0, 0.0, 0.0, 0.0, 0, 0.0, 0.0, 0.0, 1.0, "", "source", 62, 0, 0.0, 0.0, 0.0, 0, 0.0, 0.0, 0.0, 1.0, "", "source", 63, 0, 0.0, 0.0, 0.0, 0, 0.0, 0.0, 0.0, 1.0, "", "source", 64, 0, 0.0, 0.0, 0.0, 0, 0.0, 0.0, 0.0, 1.0, "", "_group_preset_data_", "group", 1, 1, "1 2 3 4 5", 0.2, 0.2, 0.2, 1.0, "", "group", 2, 0, "", 0.0, 0.0, 0.0, 0.0, "", "group", 3, 0, "", 0.0, 0.0, 0.0, 0.0, "", "group", 4, 0, "", 0.0, 0.0, 0.0, 0.0, "", "group", 5, 0, "", 0.0, 0.0, 0.0, 0.0, "", "group", 6, 0, "", 0.0, 0.0, 0.0, 0.0, "", "group", 7, 0, "", 0.0, 0.0, 0.0, 0.0, "", "group", 8, 0, "", 0.0, 0.0, 0.0, 0.0, "", "group", 9, 0, "", 0.0, 0.0, 0.0, 0.0, "", "group", 10, 0, "", 0.0, 0.0, 0.0, 0.0, "", "group", 11, 0, "", 0.0, 0.0, 0.0, 0.0, "", "group", 12, 0, "", 0.0, 0.0, 0.0, 0.0, "", "group", 13, 0, "", 0.0, 0.0, 0.0, 0.0, "", "group", 14, 0, "", 0.0, 0.0, 0.0, 0.0, "", "group", 15, 0, "", 0.0, 0.0, 0.0, 0.0, "", "group", 16, 0, "", 0.0, 0.0, 0.0, 0.0, "", "group", 17, 0, "", 0.0, 0.0, 0.0, 0.0, "", "group", 18, 0, "", 0.0, 0.0, 0.0, 0.0, "", "group", 19, 0, "", 0.0, 0.0, 0.0, 0.0, "", "group", 20, 0, "", 0.0, 0.0, 0.0, 0.0, "", "group", 21, 0, "", 0.0, 0.0, 0.0, 0.0, "", "group", 22, 0, "", 0.0, 0.0, 0.0, 0.0, "", "group", 23, 0, "", 0.0, 0.0, 0.0, 0.0, "", "group", 24, 0, "", 0.0, 0.0, 0.0, 0.0, "", "group", 25, 0, "", 0.0, 0.0, 0.0, 0.0, "", "group", 26, 0, "", 0.0, 0.0, 0.0, 0.0, "", "group", 27, 0, "", 0.0, 0.0, 0.0, 0.0, "", "group", 28, 0, "", 0.0, 0.0, 0.0, 0.0, "", "group", 29, 0, "", 0.0, 0.0, 0.0, 0.0, "", "group", 30, 0, "", 0.0, 0.0, 0.0, 0.0, "", "group", 31, 0, "", 0.0, 0.0, 0.0, 0.0, "", "group", 32, 0, "", 0.0, 0.0, 0.0, 0.0, "", "group", 33, 0, "", 0.0, 0.0, 0.0, 0.0, "", "group", 34, 0, "", 0.0, 0.0, 0.0, 0.0, "", "group", 35, 0, "", 0.0, 0.0, 0.0, 0.0, "", "group", 36, 0, "", 0.0, 0.0, 0.0, 0.0, "", "group", 37, 0, "", 0.0, 0.0, 0.0, 0.0, "", "group", 38, 0, "", 0.0, 0.0, 0.0, 0.0, "", "group", 39, 0, "", 0.0, 0.0, 0.0, 0.0, "", "group", 40, 0, "", 0.0, 0.0, 0.0, 0.0, "", "group", 41, 0, "", 0.0, 0.0, 0.0, 0.0, "", "group", 42, 0, "", 0.0, 0.0, 0.0, 0.0, "", "group", 43, 0, "", 0.0, 0.0, 0.0, 0.0, "", "group", 44, 0, "", 0.0, 0.0, 0.0, 0.0, "", "group", 45, 0, "", 0.0, 0.0, 0.0, 0.0, "", "group", 46, 0, "", 0.0, 0.0, 0.0, 0.0, "", "group", 47, 0, "", 0.0, 0.0, 0.0, 0.0, "", "group", 48, 0, "", 0.0, 0.0, 0.0, 0.0, "", "group", 49, 0, "", 0.0, 0.0, 0.0, 0.0, "", "group", 50, 0, "", 0.0, 0.0, 0.0, 0.0, "", "group", 51, 0, "", 0.0, 0.0, 0.0, 0.0, "", "group", 52, 0, "", 0.0, 0.0, 0.0, 0.0, "", "group", 53, 0, "", 0.0, 0.0, 0.0, 0.0, "", "group", 54, 0, "", 0.0, 0.0, 0.0, 0.0, "", "group", 55, 0, "", 0.0, 0.0, 0.0, 0.0, "", "group", 56, 0, "", 0.0, 0.0, 0.0, 0.0, "", "group", 57, 0, "", 0.0, 0.0, 0.0, 0.0, "", "group", 58, 0, "", 0.0, 0.0, 0.0, 0.0, "", "group", 59, 0, "", 0.0, 0.0, 0.0, 0.0, "", "group", 60, 0, "", 0.0, 0.0, 0.0, 0.0, "", "group", 61, 0, "", 0.0, 0.0, 0.0, 0.0, "", "group", 62, 0, "", 0.0, 0.0, 0.0, 0.0, "", "group", 63, 0, "", 0.0, 0.0, 0.0, 0.0, "", "group", 64, 0, "", 0.0, 0.0, 0.0, 0.0, "" ]
				}

			}
,
			"4" : 			{
				"id" : 4,
				"data" : 				{
					"hoa.2d.map" : [ "_source_preset_data_", "source", 1, 1, 0.015984, 1.034965, 0.0, 0, 0.2, 0.2, 0.2, 1.0, "", "source", 2, 1, 0.919081, 0.21978, 0.0, 0, 0.2, 0.2, 0.2, 1.0, "", "source", 3, 1, 0.639361, -0.859141, 0.0, 0, 0.2, 0.2, 0.2, 1.0, "", "source", 4, 1, -0.583417, -0.763237, 0.0, 0, 0.2, 0.2, 0.2, 1.0, "", "source", 5, 1, -1.022977, 0.275724, 0.0, 0, 0.2, 0.2, 0.2, 1.0, "", "source", 6, 0, 0.0, 0.0, 0.0, 0, 0.0, 0.0, 0.0, 1.0, "", "source", 7, 0, 0.0, 0.0, 0.0, 0, 0.0, 0.0, 0.0, 1.0, "", "source", 8, 0, 0.0, 0.0, 0.0, 0, 0.0, 0.0, 0.0, 1.0, "", "source", 9, 0, 0.0, 0.0, 0.0, 0, 0.0, 0.0, 0.0, 1.0, "", "source", 10, 0, 0.0, 0.0, 0.0, 0, 0.0, 0.0, 0.0, 1.0, "", "source", 11, 0, 0.0, 0.0, 0.0, 0, 0.0, 0.0, 0.0, 1.0, "", "source", 12, 0, 0.0, 0.0, 0.0, 0, 0.0, 0.0, 0.0, 1.0, "", "source", 13, 0, 0.0, 0.0, 0.0, 0, 0.0, 0.0, 0.0, 1.0, "", "source", 14, 0, 0.0, 0.0, 0.0, 0, 0.0, 0.0, 0.0, 1.0, "", "source", 15, 0, 0.0, 0.0, 0.0, 0, 0.0, 0.0, 0.0, 1.0, "", "source", 16, 0, 0.0, 0.0, 0.0, 0, 0.0, 0.0, 0.0, 1.0, "", "source", 17, 0, 0.0, 0.0, 0.0, 0, 0.0, 0.0, 0.0, 1.0, "", "source", 18, 0, 0.0, 0.0, 0.0, 0, 0.0, 0.0, 0.0, 1.0, "", "source", 19, 0, 0.0, 0.0, 0.0, 0, 0.0, 0.0, 0.0, 1.0, "", "source", 20, 0, 0.0, 0.0, 0.0, 0, 0.0, 0.0, 0.0, 1.0, "", "source", 21, 0, 0.0, 0.0, 0.0, 0, 0.0, 0.0, 0.0, 1.0, "", "source", 22, 0, 0.0, 0.0, 0.0, 0, 0.0, 0.0, 0.0, 1.0, "", "source", 23, 0, 0.0, 0.0, 0.0, 0, 0.0, 0.0, 0.0, 1.0, "", "source", 24, 0, 0.0, 0.0, 0.0, 0, 0.0, 0.0, 0.0, 1.0, "", "source", 25, 0, 0.0, 0.0, 0.0, 0, 0.0, 0.0, 0.0, 1.0, "", "source", 26, 0, 0.0, 0.0, 0.0, 0, 0.0, 0.0, 0.0, 1.0, "", "source", 27, 0, 0.0, 0.0, 0.0, 0, 0.0, 0.0, 0.0, 1.0, "", "source", 28, 0, 0.0, 0.0, 0.0, 0, 0.0, 0.0, 0.0, 1.0, "", "source", 29, 0, 0.0, 0.0, 0.0, 0, 0.0, 0.0, 0.0, 1.0, "", "source", 30, 0, 0.0, 0.0, 0.0, 0, 0.0, 0.0, 0.0, 1.0, "", "source", 31, 0, 0.0, 0.0, 0.0, 0, 0.0, 0.0, 0.0, 1.0, "", "source", 32, 0, 0.0, 0.0, 0.0, 0, 0.0, 0.0, 0.0, 1.0, "", "source", 33, 0, 0.0, 0.0, 0.0, 0, 0.0, 0.0, 0.0, 1.0, "", "source", 34, 0, 0.0, 0.0, 0.0, 0, 0.0, 0.0, 0.0, 1.0, "", "source", 35, 0, 0.0, 0.0, 0.0, 0, 0.0, 0.0, 0.0, 1.0, "", "source", 36, 0, 0.0, 0.0, 0.0, 0, 0.0, 0.0, 0.0, 1.0, "", "source", 37, 0, 0.0, 0.0, 0.0, 0, 0.0, 0.0, 0.0, 1.0, "", "source", 38, 0, 0.0, 0.0, 0.0, 0, 0.0, 0.0, 0.0, 1.0, "", "source", 39, 0, 0.0, 0.0, 0.0, 0, 0.0, 0.0, 0.0, 1.0, "", "source", 40, 0, 0.0, 0.0, 0.0, 0, 0.0, 0.0, 0.0, 1.0, "", "source", 41, 0, 0.0, 0.0, 0.0, 0, 0.0, 0.0, 0.0, 1.0, "", "source", 42, 0, 0.0, 0.0, 0.0, 0, 0.0, 0.0, 0.0, 1.0, "", "source", 43, 0, 0.0, 0.0, 0.0, 0, 0.0, 0.0, 0.0, 1.0, "", "source", 44, 0, 0.0, 0.0, 0.0, 0, 0.0, 0.0, 0.0, 1.0, "", "source", 45, 0, 0.0, 0.0, 0.0, 0, 0.0, 0.0, 0.0, 1.0, "", "source", 46, 0, 0.0, 0.0, 0.0, 0, 0.0, 0.0, 0.0, 1.0, "", "source", 47, 0, 0.0, 0.0, 0.0, 0, 0.0, 0.0, 0.0, 1.0, "", "source", 48, 0, 0.0, 0.0, 0.0, 0, 0.0, 0.0, 0.0, 1.0, "", "source", 49, 0, 0.0, 0.0, 0.0, 0, 0.0, 0.0, 0.0, 1.0, "", "source", 50, 0, 0.0, 0.0, 0.0, 0, 0.0, 0.0, 0.0, 1.0, "", "source", 51, 0, 0.0, 0.0, 0.0, 0, 0.0, 0.0, 0.0, 1.0, "", "source", 52, 0, 0.0, 0.0, 0.0, 0, 0.0, 0.0, 0.0, 1.0, "", "source", 53, 0, 0.0, 0.0, 0.0, 0, 0.0, 0.0, 0.0, 1.0, "", "source", 54, 0, 0.0, 0.0, 0.0, 0, 0.0, 0.0, 0.0, 1.0, "", "source", 55, 0, 0.0, 0.0, 0.0, 0, 0.0, 0.0, 0.0, 1.0, "", "source", 56, 0, 0.0, 0.0, 0.0, 0, 0.0, 0.0, 0.0, 1.0, "", "source", 57, 0, 0.0, 0.0, 0.0, 0, 0.0, 0.0, 0.0, 1.0, "", "source", 58, 0, 0.0, 0.0, 0.0, 0, 0.0, 0.0, 0.0, 1.0, "", "source", 59, 0, 0.0, 0.0, 0.0, 0, 0.0, 0.0, 0.0, 1.0, "", "source", 60, 0, 0.0, 0.0, 0.0, 0, 0.0, 0.0, 0.0, 1.0, "", "source", 61, 0, 0.0, 0.0, 0.0, 0, 0.0, 0.0, 0.0, 1.0, "", "source", 62, 0, 0.0, 0.0, 0.0, 0, 0.0, 0.0, 0.0, 1.0, "", "source", 63, 0, 0.0, 0.0, 0.0, 0, 0.0, 0.0, 0.0, 1.0, "", "source", 64, 0, 0.0, 0.0, 0.0, 0, 0.0, 0.0, 0.0, 1.0, "", "_group_preset_data_", "group", 1, 1, "1 2 3 4 5", 0.2, 0.2, 0.2, 1.0, "", "group", 2, 0, "", 0.0, 0.0, 0.0, 0.0, "", "group", 3, 0, "", 0.0, 0.0, 0.0, 0.0, "", "group", 4, 0, "", 0.0, 0.0, 0.0, 0.0, "", "group", 5, 0, "", 0.0, 0.0, 0.0, 0.0, "", "group", 6, 0, "", 0.0, 0.0, 0.0, 0.0, "", "group", 7, 0, "", 0.0, 0.0, 0.0, 0.0, "", "group", 8, 0, "", 0.0, 0.0, 0.0, 0.0, "", "group", 9, 0, "", 0.0, 0.0, 0.0, 0.0, "", "group", 10, 0, "", 0.0, 0.0, 0.0, 0.0, "", "group", 11, 0, "", 0.0, 0.0, 0.0, 0.0, "", "group", 12, 0, "", 0.0, 0.0, 0.0, 0.0, "", "group", 13, 0, "", 0.0, 0.0, 0.0, 0.0, "", "group", 14, 0, "", 0.0, 0.0, 0.0, 0.0, "", "group", 15, 0, "", 0.0, 0.0, 0.0, 0.0, "", "group", 16, 0, "", 0.0, 0.0, 0.0, 0.0, "", "group", 17, 0, "", 0.0, 0.0, 0.0, 0.0, "", "group", 18, 0, "", 0.0, 0.0, 0.0, 0.0, "", "group", 19, 0, "", 0.0, 0.0, 0.0, 0.0, "", "group", 20, 0, "", 0.0, 0.0, 0.0, 0.0, "", "group", 21, 0, "", 0.0, 0.0, 0.0, 0.0, "", "group", 22, 0, "", 0.0, 0.0, 0.0, 0.0, "", "group", 23, 0, "", 0.0, 0.0, 0.0, 0.0, "", "group", 24, 0, "", 0.0, 0.0, 0.0, 0.0, "", "group", 25, 0, "", 0.0, 0.0, 0.0, 0.0, "", "group", 26, 0, "", 0.0, 0.0, 0.0, 0.0, "", "group", 27, 0, "", 0.0, 0.0, 0.0, 0.0, "", "group", 28, 0, "", 0.0, 0.0, 0.0, 0.0, "", "group", 29, 0, "", 0.0, 0.0, 0.0, 0.0, "", "group", 30, 0, "", 0.0, 0.0, 0.0, 0.0, "", "group", 31, 0, "", 0.0, 0.0, 0.0, 0.0, "", "group", 32, 0, "", 0.0, 0.0, 0.0, 0.0, "", "group", 33, 0, "", 0.0, 0.0, 0.0, 0.0, "", "group", 34, 0, "", 0.0, 0.0, 0.0, 0.0, "", "group", 35, 0, "", 0.0, 0.0, 0.0, 0.0, "", "group", 36, 0, "", 0.0, 0.0, 0.0, 0.0, "", "group", 37, 0, "", 0.0, 0.0, 0.0, 0.0, "", "group", 38, 0, "", 0.0, 0.0, 0.0, 0.0, "", "group", 39, 0, "", 0.0, 0.0, 0.0, 0.0, "", "group", 40, 0, "", 0.0, 0.0, 0.0, 0.0, "", "group", 41, 0, "", 0.0, 0.0, 0.0, 0.0, "", "group", 42, 0, "", 0.0, 0.0, 0.0, 0.0, "", "group", 43, 0, "", 0.0, 0.0, 0.0, 0.0, "", "group", 44, 0, "", 0.0, 0.0, 0.0, 0.0, "", "group", 45, 0, "", 0.0, 0.0, 0.0, 0.0, "", "group", 46, 0, "", 0.0, 0.0, 0.0, 0.0, "", "group", 47, 0, "", 0.0, 0.0, 0.0, 0.0, "", "group", 48, 0, "", 0.0, 0.0, 0.0, 0.0, "", "group", 49, 0, "", 0.0, 0.0, 0.0, 0.0, "", "group", 50, 0, "", 0.0, 0.0, 0.0, 0.0, "", "group", 51, 0, "", 0.0, 0.0, 0.0, 0.0, "", "group", 52, 0, "", 0.0, 0.0, 0.0, 0.0, "", "group", 53, 0, "", 0.0, 0.0, 0.0, 0.0, "", "group", 54, 0, "", 0.0, 0.0, 0.0, 0.0, "", "group", 55, 0, "", 0.0, 0.0, 0.0, 0.0, "", "group", 56, 0, "", 0.0, 0.0, 0.0, 0.0, "", "group", 57, 0, "", 0.0, 0.0, 0.0, 0.0, "", "group", 58, 0, "", 0.0, 0.0, 0.0, 0.0, "", "group", 59, 0, "", 0.0, 0.0, 0.0, 0.0, "", "group", 60, 0, "", 0.0, 0.0, 0.0, 0.0, "", "group", 61, 0, "", 0.0, 0.0, 0.0, 0.0, "", "group", 62, 0, "", 0.0, 0.0, 0.0, 0.0, "", "group", 63, 0, "", 0.0, 0.0, 0.0, 0.0, "", "group", 64, 0, "", 0.0, 0.0, 0.0, 0.0, "" ]
				}

			}
,
			"5" : 			{
				"id" : 5,
				"data" : 				{
					"hoa.2d.map" : [ "_source_preset_data_", "source", 1, 1, -1.3626, 0.424215, 0.0, 0, 0.2, 0.2, 0.2, 1.0, "", "source", 2, 1, -0.02877, 1.425958, 0.0, 0, 0.2, 0.2, 0.2, 1.0, "", "source", 3, 1, 1.415672, 0.545961, 0.0, 0, 0.2, 0.2, 0.2, 1.0, "", "source", 4, 1, 0.718471, -1.169175, 0.0, 0, 0.2, 0.2, 0.2, 1.0, "", "source", 5, 1, -0.942573, -1.127059, 0.0, 0, 0.2, 0.2, 0.2, 1.0, "", "source", 6, 0, 0.0, 0.0, 0.0, 0, 0.0, 0.0, 0.0, 1.0, "", "source", 7, 0, 0.0, 0.0, 0.0, 0, 0.0, 0.0, 0.0, 1.0, "", "source", 8, 0, 0.0, 0.0, 0.0, 0, 0.0, 0.0, 0.0, 1.0, "", "source", 9, 0, 0.0, 0.0, 0.0, 0, 0.0, 0.0, 0.0, 1.0, "", "source", 10, 0, 0.0, 0.0, 0.0, 0, 0.0, 0.0, 0.0, 1.0, "", "source", 11, 0, 0.0, 0.0, 0.0, 0, 0.0, 0.0, 0.0, 1.0, "", "source", 12, 0, 0.0, 0.0, 0.0, 0, 0.0, 0.0, 0.0, 1.0, "", "source", 13, 0, 0.0, 0.0, 0.0, 0, 0.0, 0.0, 0.0, 1.0, "", "source", 14, 0, 0.0, 0.0, 0.0, 0, 0.0, 0.0, 0.0, 1.0, "", "source", 15, 0, 0.0, 0.0, 0.0, 0, 0.0, 0.0, 0.0, 1.0, "", "source", 16, 0, 0.0, 0.0, 0.0, 0, 0.0, 0.0, 0.0, 1.0, "", "source", 17, 0, 0.0, 0.0, 0.0, 0, 0.0, 0.0, 0.0, 1.0, "", "source", 18, 0, 0.0, 0.0, 0.0, 0, 0.0, 0.0, 0.0, 1.0, "", "source", 19, 0, 0.0, 0.0, 0.0, 0, 0.0, 0.0, 0.0, 1.0, "", "source", 20, 0, 0.0, 0.0, 0.0, 0, 0.0, 0.0, 0.0, 1.0, "", "source", 21, 0, 0.0, 0.0, 0.0, 0, 0.0, 0.0, 0.0, 1.0, "", "source", 22, 0, 0.0, 0.0, 0.0, 0, 0.0, 0.0, 0.0, 1.0, "", "source", 23, 0, 0.0, 0.0, 0.0, 0, 0.0, 0.0, 0.0, 1.0, "", "source", 24, 0, 0.0, 0.0, 0.0, 0, 0.0, 0.0, 0.0, 1.0, "", "source", 25, 0, 0.0, 0.0, 0.0, 0, 0.0, 0.0, 0.0, 1.0, "", "source", 26, 0, 0.0, 0.0, 0.0, 0, 0.0, 0.0, 0.0, 1.0, "", "source", 27, 0, 0.0, 0.0, 0.0, 0, 0.0, 0.0, 0.0, 1.0, "", "source", 28, 0, 0.0, 0.0, 0.0, 0, 0.0, 0.0, 0.0, 1.0, "", "source", 29, 0, 0.0, 0.0, 0.0, 0, 0.0, 0.0, 0.0, 1.0, "", "source", 30, 0, 0.0, 0.0, 0.0, 0, 0.0, 0.0, 0.0, 1.0, "", "source", 31, 0, 0.0, 0.0, 0.0, 0, 0.0, 0.0, 0.0, 1.0, "", "source", 32, 0, 0.0, 0.0, 0.0, 0, 0.0, 0.0, 0.0, 1.0, "", "source", 33, 0, 0.0, 0.0, 0.0, 0, 0.0, 0.0, 0.0, 1.0, "", "source", 34, 0, 0.0, 0.0, 0.0, 0, 0.0, 0.0, 0.0, 1.0, "", "source", 35, 0, 0.0, 0.0, 0.0, 0, 0.0, 0.0, 0.0, 1.0, "", "source", 36, 0, 0.0, 0.0, 0.0, 0, 0.0, 0.0, 0.0, 1.0, "", "source", 37, 0, 0.0, 0.0, 0.0, 0, 0.0, 0.0, 0.0, 1.0, "", "source", 38, 0, 0.0, 0.0, 0.0, 0, 0.0, 0.0, 0.0, 1.0, "", "source", 39, 0, 0.0, 0.0, 0.0, 0, 0.0, 0.0, 0.0, 1.0, "", "source", 40, 0, 0.0, 0.0, 0.0, 0, 0.0, 0.0, 0.0, 1.0, "", "source", 41, 0, 0.0, 0.0, 0.0, 0, 0.0, 0.0, 0.0, 1.0, "", "source", 42, 0, 0.0, 0.0, 0.0, 0, 0.0, 0.0, 0.0, 1.0, "", "source", 43, 0, 0.0, 0.0, 0.0, 0, 0.0, 0.0, 0.0, 1.0, "", "source", 44, 0, 0.0, 0.0, 0.0, 0, 0.0, 0.0, 0.0, 1.0, "", "source", 45, 0, 0.0, 0.0, 0.0, 0, 0.0, 0.0, 0.0, 1.0, "", "source", 46, 0, 0.0, 0.0, 0.0, 0, 0.0, 0.0, 0.0, 1.0, "", "source", 47, 0, 0.0, 0.0, 0.0, 0, 0.0, 0.0, 0.0, 1.0, "", "source", 48, 0, 0.0, 0.0, 0.0, 0, 0.0, 0.0, 0.0, 1.0, "", "source", 49, 0, 0.0, 0.0, 0.0, 0, 0.0, 0.0, 0.0, 1.0, "", "source", 50, 0, 0.0, 0.0, 0.0, 0, 0.0, 0.0, 0.0, 1.0, "", "source", 51, 0, 0.0, 0.0, 0.0, 0, 0.0, 0.0, 0.0, 1.0, "", "source", 52, 0, 0.0, 0.0, 0.0, 0, 0.0, 0.0, 0.0, 1.0, "", "source", 53, 0, 0.0, 0.0, 0.0, 0, 0.0, 0.0, 0.0, 1.0, "", "source", 54, 0, 0.0, 0.0, 0.0, 0, 0.0, 0.0, 0.0, 1.0, "", "source", 55, 0, 0.0, 0.0, 0.0, 0, 0.0, 0.0, 0.0, 1.0, "", "source", 56, 0, 0.0, 0.0, 0.0, 0, 0.0, 0.0, 0.0, 1.0, "", "source", 57, 0, 0.0, 0.0, 0.0, 0, 0.0, 0.0, 0.0, 1.0, "", "source", 58, 0, 0.0, 0.0, 0.0, 0, 0.0, 0.0, 0.0, 1.0, "", "source", 59, 0, 0.0, 0.0, 0.0, 0, 0.0, 0.0, 0.0, 1.0, "", "source", 60, 0, 0.0, 0.0, 0.0, 0, 0.0, 0.0, 0.0, 1.0, "", "source", 61, 0, 0.0, 0.0, 0.0, 0, 0.0, 0.0, 0.0, 1.0, "", "source", 62, 0, 0.0, 0.0, 0.0, 0, 0.0, 0.0, 0.0, 1.0, "", "source", 63, 0, 0.0, 0.0, 0.0, 0, 0.0, 0.0, 0.0, 1.0, "", "source", 64, 0, 0.0, 0.0, 0.0, 0, 0.0, 0.0, 0.0, 1.0, "", "_group_preset_data_", "group", 1, 1, "1 2 3 4 5", 0.2, 0.2, 0.2, 1.0, "", "group", 2, 0, "", 0.0, 0.0, 0.0, 0.0, "", "group", 3, 0, "", 0.0, 0.0, 0.0, 0.0, "", "group", 4, 0, "", 0.0, 0.0, 0.0, 0.0, "", "group", 5, 0, "", 0.0, 0.0, 0.0, 0.0, "", "group", 6, 0, "", 0.0, 0.0, 0.0, 0.0, "", "group", 7, 0, "", 0.0, 0.0, 0.0, 0.0, "", "group", 8, 0, "", 0.0, 0.0, 0.0, 0.0, "", "group", 9, 0, "", 0.0, 0.0, 0.0, 0.0, "", "group", 10, 0, "", 0.0, 0.0, 0.0, 0.0, "", "group", 11, 0, "", 0.0, 0.0, 0.0, 0.0, "", "group", 12, 0, "", 0.0, 0.0, 0.0, 0.0, "", "group", 13, 0, "", 0.0, 0.0, 0.0, 0.0, "", "group", 14, 0, "", 0.0, 0.0, 0.0, 0.0, "", "group", 15, 0, "", 0.0, 0.0, 0.0, 0.0, "", "group", 16, 0, "", 0.0, 0.0, 0.0, 0.0, "", "group", 17, 0, "", 0.0, 0.0, 0.0, 0.0, "", "group", 18, 0, "", 0.0, 0.0, 0.0, 0.0, "", "group", 19, 0, "", 0.0, 0.0, 0.0, 0.0, "", "group", 20, 0, "", 0.0, 0.0, 0.0, 0.0, "", "group", 21, 0, "", 0.0, 0.0, 0.0, 0.0, "", "group", 22, 0, "", 0.0, 0.0, 0.0, 0.0, "", "group", 23, 0, "", 0.0, 0.0, 0.0, 0.0, "", "group", 24, 0, "", 0.0, 0.0, 0.0, 0.0, "", "group", 25, 0, "", 0.0, 0.0, 0.0, 0.0, "", "group", 26, 0, "", 0.0, 0.0, 0.0, 0.0, "", "group", 27, 0, "", 0.0, 0.0, 0.0, 0.0, "", "group", 28, 0, "", 0.0, 0.0, 0.0, 0.0, "", "group", 29, 0, "", 0.0, 0.0, 0.0, 0.0, "", "group", 30, 0, "", 0.0, 0.0, 0.0, 0.0, "", "group", 31, 0, "", 0.0, 0.0, 0.0, 0.0, "", "group", 32, 0, "", 0.0, 0.0, 0.0, 0.0, "", "group", 33, 0, "", 0.0, 0.0, 0.0, 0.0, "", "group", 34, 0, "", 0.0, 0.0, 0.0, 0.0, "", "group", 35, 0, "", 0.0, 0.0, 0.0, 0.0, "", "group", 36, 0, "", 0.0, 0.0, 0.0, 0.0, "", "group", 37, 0, "", 0.0, 0.0, 0.0, 0.0, "", "group", 38, 0, "", 0.0, 0.0, 0.0, 0.0, "", "group", 39, 0, "", 0.0, 0.0, 0.0, 0.0, "", "group", 40, 0, "", 0.0, 0.0, 0.0, 0.0, "", "group", 41, 0, "", 0.0, 0.0, 0.0, 0.0, "", "group", 42, 0, "", 0.0, 0.0, 0.0, 0.0, "", "group", 43, 0, "", 0.0, 0.0, 0.0, 0.0, "", "group", 44, 0, "", 0.0, 0.0, 0.0, 0.0, "", "group", 45, 0, "", 0.0, 0.0, 0.0, 0.0, "", "group", 46, 0, "", 0.0, 0.0, 0.0, 0.0, "", "group", 47, 0, "", 0.0, 0.0, 0.0, 0.0, "", "group", 48, 0, "", 0.0, 0.0, 0.0, 0.0, "", "group", 49, 0, "", 0.0, 0.0, 0.0, 0.0, "", "group", 50, 0, "", 0.0, 0.0, 0.0, 0.0, "", "group", 51, 0, "", 0.0, 0.0, 0.0, 0.0, "", "group", 52, 0, "", 0.0, 0.0, 0.0, 0.0, "", "group", 53, 0, "", 0.0, 0.0, 0.0, 0.0, "", "group", 54, 0, "", 0.0, 0.0, 0.0, 0.0, "", "group", 55, 0, "", 0.0, 0.0, 0.0, 0.0, "", "group", 56, 0, "", 0.0, 0.0, 0.0, 0.0, "", "group", 57, 0, "", 0.0, 0.0, 0.0, 0.0, "", "group", 58, 0, "", 0.0, 0.0, 0.0, 0.0, "", "group", 59, 0, "", 0.0, 0.0, 0.0, 0.0, "", "group", 60, 0, "", 0.0, 0.0, 0.0, 0.0, "", "group", 61, 0, "", 0.0, 0.0, 0.0, 0.0, "", "group", 62, 0, "", 0.0, 0.0, 0.0, 0.0, "", "group", 63, 0, "", 0.0, 0.0, 0.0, 0.0, "", "group", 64, 0, "", 0.0, 0.0, 0.0, 0.0, "" ]
				}

			}
,
			"6" : 			{
				"id" : 6,
				"data" : 				{
					"hoa.2d.map" : [ "_source_preset_data_", "source", 1, 1, -0.589836, -0.844893, 0.0, 0, 0.2, 0.2, 0.2, 1.0, "", "source", 2, 1, -0.868635, 0.343816, 0.0, 0, 0.2, 0.2, 0.2, 1.0, "", "source", 3, 1, -0.061758, 0.951739, 0.0, 0, 0.2, 0.2, 0.2, 1.0, "", "source", 4, 1, 0.871321, 0.339894, 0.0, 0, 0.2, 0.2, 0.2, 1.0, "", "source", 5, 1, 0.648907, -0.890456, 0.0, 0, 0.2, 0.2, 0.2, 1.0, "", "source", 6, 0, 0.0, 0.0, 0.0, 0, 0.0, 0.0, 0.0, 1.0, "", "source", 7, 0, 0.0, 0.0, 0.0, 0, 0.0, 0.0, 0.0, 1.0, "", "source", 8, 0, 0.0, 0.0, 0.0, 0, 0.0, 0.0, 0.0, 1.0, "", "source", 9, 0, 0.0, 0.0, 0.0, 0, 0.0, 0.0, 0.0, 1.0, "", "source", 10, 0, 0.0, 0.0, 0.0, 0, 0.0, 0.0, 0.0, 1.0, "", "source", 11, 0, 0.0, 0.0, 0.0, 0, 0.0, 0.0, 0.0, 1.0, "", "source", 12, 0, 0.0, 0.0, 0.0, 0, 0.0, 0.0, 0.0, 1.0, "", "source", 13, 0, 0.0, 0.0, 0.0, 0, 0.0, 0.0, 0.0, 1.0, "", "source", 14, 0, 0.0, 0.0, 0.0, 0, 0.0, 0.0, 0.0, 1.0, "", "source", 15, 0, 0.0, 0.0, 0.0, 0, 0.0, 0.0, 0.0, 1.0, "", "source", 16, 0, 0.0, 0.0, 0.0, 0, 0.0, 0.0, 0.0, 1.0, "", "source", 17, 0, 0.0, 0.0, 0.0, 0, 0.0, 0.0, 0.0, 1.0, "", "source", 18, 0, 0.0, 0.0, 0.0, 0, 0.0, 0.0, 0.0, 1.0, "", "source", 19, 0, 0.0, 0.0, 0.0, 0, 0.0, 0.0, 0.0, 1.0, "", "source", 20, 0, 0.0, 0.0, 0.0, 0, 0.0, 0.0, 0.0, 1.0, "", "source", 21, 0, 0.0, 0.0, 0.0, 0, 0.0, 0.0, 0.0, 1.0, "", "source", 22, 0, 0.0, 0.0, 0.0, 0, 0.0, 0.0, 0.0, 1.0, "", "source", 23, 0, 0.0, 0.0, 0.0, 0, 0.0, 0.0, 0.0, 1.0, "", "source", 24, 0, 0.0, 0.0, 0.0, 0, 0.0, 0.0, 0.0, 1.0, "", "source", 25, 0, 0.0, 0.0, 0.0, 0, 0.0, 0.0, 0.0, 1.0, "", "source", 26, 0, 0.0, 0.0, 0.0, 0, 0.0, 0.0, 0.0, 1.0, "", "source", 27, 0, 0.0, 0.0, 0.0, 0, 0.0, 0.0, 0.0, 1.0, "", "source", 28, 0, 0.0, 0.0, 0.0, 0, 0.0, 0.0, 0.0, 1.0, "", "source", 29, 0, 0.0, 0.0, 0.0, 0, 0.0, 0.0, 0.0, 1.0, "", "source", 30, 0, 0.0, 0.0, 0.0, 0, 0.0, 0.0, 0.0, 1.0, "", "source", 31, 0, 0.0, 0.0, 0.0, 0, 0.0, 0.0, 0.0, 1.0, "", "source", 32, 0, 0.0, 0.0, 0.0, 0, 0.0, 0.0, 0.0, 1.0, "", "source", 33, 0, 0.0, 0.0, 0.0, 0, 0.0, 0.0, 0.0, 1.0, "", "source", 34, 0, 0.0, 0.0, 0.0, 0, 0.0, 0.0, 0.0, 1.0, "", "source", 35, 0, 0.0, 0.0, 0.0, 0, 0.0, 0.0, 0.0, 1.0, "", "source", 36, 0, 0.0, 0.0, 0.0, 0, 0.0, 0.0, 0.0, 1.0, "", "source", 37, 0, 0.0, 0.0, 0.0, 0, 0.0, 0.0, 0.0, 1.0, "", "source", 38, 0, 0.0, 0.0, 0.0, 0, 0.0, 0.0, 0.0, 1.0, "", "source", 39, 0, 0.0, 0.0, 0.0, 0, 0.0, 0.0, 0.0, 1.0, "", "source", 40, 0, 0.0, 0.0, 0.0, 0, 0.0, 0.0, 0.0, 1.0, "", "source", 41, 0, 0.0, 0.0, 0.0, 0, 0.0, 0.0, 0.0, 1.0, "", "source", 42, 0, 0.0, 0.0, 0.0, 0, 0.0, 0.0, 0.0, 1.0, "", "source", 43, 0, 0.0, 0.0, 0.0, 0, 0.0, 0.0, 0.0, 1.0, "", "source", 44, 0, 0.0, 0.0, 0.0, 0, 0.0, 0.0, 0.0, 1.0, "", "source", 45, 0, 0.0, 0.0, 0.0, 0, 0.0, 0.0, 0.0, 1.0, "", "source", 46, 0, 0.0, 0.0, 0.0, 0, 0.0, 0.0, 0.0, 1.0, "", "source", 47, 0, 0.0, 0.0, 0.0, 0, 0.0, 0.0, 0.0, 1.0, "", "source", 48, 0, 0.0, 0.0, 0.0, 0, 0.0, 0.0, 0.0, 1.0, "", "source", 49, 0, 0.0, 0.0, 0.0, 0, 0.0, 0.0, 0.0, 1.0, "", "source", 50, 0, 0.0, 0.0, 0.0, 0, 0.0, 0.0, 0.0, 1.0, "", "source", 51, 0, 0.0, 0.0, 0.0, 0, 0.0, 0.0, 0.0, 1.0, "", "source", 52, 0, 0.0, 0.0, 0.0, 0, 0.0, 0.0, 0.0, 1.0, "", "source", 53, 0, 0.0, 0.0, 0.0, 0, 0.0, 0.0, 0.0, 1.0, "", "source", 54, 0, 0.0, 0.0, 0.0, 0, 0.0, 0.0, 0.0, 1.0, "", "source", 55, 0, 0.0, 0.0, 0.0, 0, 0.0, 0.0, 0.0, 1.0, "", "source", 56, 0, 0.0, 0.0, 0.0, 0, 0.0, 0.0, 0.0, 1.0, "", "source", 57, 0, 0.0, 0.0, 0.0, 0, 0.0, 0.0, 0.0, 1.0, "", "source", 58, 0, 0.0, 0.0, 0.0, 0, 0.0, 0.0, 0.0, 1.0, "", "source", 59, 0, 0.0, 0.0, 0.0, 0, 0.0, 0.0, 0.0, 1.0, "", "source", 60, 0, 0.0, 0.0, 0.0, 0, 0.0, 0.0, 0.0, 1.0, "", "source", 61, 0, 0.0, 0.0, 0.0, 0, 0.0, 0.0, 0.0, 1.0, "", "source", 62, 0, 0.0, 0.0, 0.0, 0, 0.0, 0.0, 0.0, 1.0, "", "source", 63, 0, 0.0, 0.0, 0.0, 0, 0.0, 0.0, 0.0, 1.0, "", "source", 64, 0, 0.0, 0.0, 0.0, 0, 0.0, 0.0, 0.0, 1.0, "", "_group_preset_data_", "group", 1, 1, "1 2 3 4 5", 0.2, 0.2, 0.2, 1.0, "", "group", 2, 0, "", 0.0, 0.0, 0.0, 0.0, "", "group", 3, 0, "", 0.0, 0.0, 0.0, 0.0, "", "group", 4, 0, "", 0.0, 0.0, 0.0, 0.0, "", "group", 5, 0, "", 0.0, 0.0, 0.0, 0.0, "", "group", 6, 0, "", 0.0, 0.0, 0.0, 0.0, "", "group", 7, 0, "", 0.0, 0.0, 0.0, 0.0, "", "group", 8, 0, "", 0.0, 0.0, 0.0, 0.0, "", "group", 9, 0, "", 0.0, 0.0, 0.0, 0.0, "", "group", 10, 0, "", 0.0, 0.0, 0.0, 0.0, "", "group", 11, 0, "", 0.0, 0.0, 0.0, 0.0, "", "group", 12, 0, "", 0.0, 0.0, 0.0, 0.0, "", "group", 13, 0, "", 0.0, 0.0, 0.0, 0.0, "", "group", 14, 0, "", 0.0, 0.0, 0.0, 0.0, "", "group", 15, 0, "", 0.0, 0.0, 0.0, 0.0, "", "group", 16, 0, "", 0.0, 0.0, 0.0, 0.0, "", "group", 17, 0, "", 0.0, 0.0, 0.0, 0.0, "", "group", 18, 0, "", 0.0, 0.0, 0.0, 0.0, "", "group", 19, 0, "", 0.0, 0.0, 0.0, 0.0, "", "group", 20, 0, "", 0.0, 0.0, 0.0, 0.0, "", "group", 21, 0, "", 0.0, 0.0, 0.0, 0.0, "", "group", 22, 0, "", 0.0, 0.0, 0.0, 0.0, "", "group", 23, 0, "", 0.0, 0.0, 0.0, 0.0, "", "group", 24, 0, "", 0.0, 0.0, 0.0, 0.0, "", "group", 25, 0, "", 0.0, 0.0, 0.0, 0.0, "", "group", 26, 0, "", 0.0, 0.0, 0.0, 0.0, "", "group", 27, 0, "", 0.0, 0.0, 0.0, 0.0, "", "group", 28, 0, "", 0.0, 0.0, 0.0, 0.0, "", "group", 29, 0, "", 0.0, 0.0, 0.0, 0.0, "", "group", 30, 0, "", 0.0, 0.0, 0.0, 0.0, "", "group", 31, 0, "", 0.0, 0.0, 0.0, 0.0, "", "group", 32, 0, "", 0.0, 0.0, 0.0, 0.0, "", "group", 33, 0, "", 0.0, 0.0, 0.0, 0.0, "", "group", 34, 0, "", 0.0, 0.0, 0.0, 0.0, "", "group", 35, 0, "", 0.0, 0.0, 0.0, 0.0, "", "group", 36, 0, "", 0.0, 0.0, 0.0, 0.0, "", "group", 37, 0, "", 0.0, 0.0, 0.0, 0.0, "", "group", 38, 0, "", 0.0, 0.0, 0.0, 0.0, "", "group", 39, 0, "", 0.0, 0.0, 0.0, 0.0, "", "group", 40, 0, "", 0.0, 0.0, 0.0, 0.0, "", "group", 41, 0, "", 0.0, 0.0, 0.0, 0.0, "", "group", 42, 0, "", 0.0, 0.0, 0.0, 0.0, "", "group", 43, 0, "", 0.0, 0.0, 0.0, 0.0, "", "group", 44, 0, "", 0.0, 0.0, 0.0, 0.0, "", "group", 45, 0, "", 0.0, 0.0, 0.0, 0.0, "", "group", 46, 0, "", 0.0, 0.0, 0.0, 0.0, "", "group", 47, 0, "", 0.0, 0.0, 0.0, 0.0, "", "group", 48, 0, "", 0.0, 0.0, 0.0, 0.0, "", "group", 49, 0, "", 0.0, 0.0, 0.0, 0.0, "", "group", 50, 0, "", 0.0, 0.0, 0.0, 0.0, "", "group", 51, 0, "", 0.0, 0.0, 0.0, 0.0, "", "group", 52, 0, "", 0.0, 0.0, 0.0, 0.0, "", "group", 53, 0, "", 0.0, 0.0, 0.0, 0.0, "", "group", 54, 0, "", 0.0, 0.0, 0.0, 0.0, "", "group", 55, 0, "", 0.0, 0.0, 0.0, 0.0, "", "group", 56, 0, "", 0.0, 0.0, 0.0, 0.0, "", "group", 57, 0, "", 0.0, 0.0, 0.0, 0.0, "", "group", 58, 0, "", 0.0, 0.0, 0.0, 0.0, "", "group", 59, 0, "", 0.0, 0.0, 0.0, 0.0, "", "group", 60, 0, "", 0.0, 0.0, 0.0, 0.0, "", "group", 61, 0, "", 0.0, 0.0, 0.0, 0.0, "", "group", 62, 0, "", 0.0, 0.0, 0.0, 0.0, "", "group", 63, 0, "", 0.0, 0.0, 0.0, 0.0, "", "group", 64, 0, "", 0.0, 0.0, 0.0, 0.0, "" ]
				}

			}

		}

	}

}
