<?xml version='1.0' encoding='UTF-8' standalone='yes'?>
<root>
<refpage name='hoa.2d.decoder~.maxref.xml'/>
<refpage name='hoa.2d.encoder~.maxref.xml'/>
<refpage name='hoa.2d.exchanger~.maxref.xml'/>
<refpage name='hoa.2d.map~.maxref.xml'/>
<refpage name='hoa.2d.meter~.maxref.xml'/>
<refpage name='hoa.2d.optim~.maxref.xml'/>
<refpage name='hoa.2d.projector~.maxref.xml'/>
<refpage name='hoa.2d.recomposer.maxref.xml'/>
<refpage name='hoa.2d.recomposer~.maxref.xml'/>
<refpage name='hoa.2d.rotate~.maxref.xml'/>
<refpage name='hoa.2d.scope~.maxref.xml'/>
<refpage name='hoa.2d.space.maxref.xml'/>
<refpage name='hoa.2d.vector~.maxref.xml'/>
<refpage name='hoa.2d.wider~.maxref.xml'/>
<refpage name='hoa.3d.decoder~.maxref.xml'/>
<refpage name='hoa.3d.encoder~.maxref.xml'/>
<refpage name='hoa.3d.exchanger~.maxref.xml'/>
<refpage name='hoa.3d.map~.maxref.xml'/>
<refpage name='hoa.3d.meter~.maxref.xml'/>
<refpage name='hoa.3d.optim~.maxref.xml'/>
<refpage name='hoa.3d.scope~.maxref.xml'/>
<refpage name='hoa.3d.vector~.maxref.xml'/>
<refpage name='hoa.3d.wider~.maxref.xml'/>
<refpage name='c.convolve~.maxref.xml'/>
<refpage name='c.freeverb~.maxref.xml'/>
<refpage name='hoa.connect.maxref.xml'/>
<refpage name='hoa.dac~.maxref.xml'/>
<refpage name='hoa.gain~.maxref.xml'/>
<refpage name='hoa.in.maxref.xml'/>
<refpage name='hoa.in~.maxref.xml'/>
<refpage name='hoa.map.maxref.xml'/>
<refpage name='hoa.out.maxref.xml'/>
<refpage name='hoa.out~.maxref.xml'/>
<refpage name='hoa.pi.maxref.xml'/>
<refpage name='hoa.pi~.maxref.xml'/>
<refpage name='hoa.process~.maxref.xml'/>
<refpage name='hoa.thisprocess~.maxref.xml'/>
<refpage name='hoa.fx.convolve~.maxref.xml'/>
<refpage name='hoa.fx.decorrelation~.maxref.xml'/>
<refpage name='hoa.fx.delay~.maxref.xml'/>
<refpage name='hoa.fx.dephaser~.maxref.xml'/>
<refpage name='hoa.fx.freeverb~.maxref.xml'/>
<refpage name='hoa.fx.gain~.maxref.xml'/>
<refpage name='hoa.fx.grain~.maxref.xml'/>
<refpage name='hoa.fx.hiss.convolve~.maxref.xml'/>
<refpage name='hoa.fx.mirror~.maxref.xml'/>
<refpage name='hoa.fx.mixer~.maxref.xml'/>
<refpage name='hoa.fx.ringmod~.maxref.xml'/>
<refpage name='hoa.receive~.maxref.xml'/>
<refpage name='hoa.send~.maxref.xml'/>
<refpage name='hoa.syn.decorrelation~.maxref.xml'/>
<refpage name='hoa.syn.delay~.maxref.xml'/>
<refpage name='hoa.syn.grain~.maxref.xml'/>
<refpage name='hoa.syn.ringmod~.maxref.xml'/>
</root>
