<?xml version="1.0" encoding="utf-8" standalone="yes"?>
<?xml-stylesheet href="./_c74_ref.xsl" type="text/xsl"?>

<!--This file has been automatically generated by Doctor Max. DO NOT EDIT THIS FILE DIRECTLY.-->

<c74object name="c.convolve~" module="hoa">

	<digest>
		A zero latency convolution reverberation processor
	</digest>

	<description>
		<o>c.convolve~</o> is a zero latency convolution reverberation processor.
	</description>

	<!--METADATA-->
	<metadatalist>
		<metadata name="author">Julien Colafrancesco, Pierre Guillot, Eliott Paris.</metadata>
		<metadata name="tag">Other</metadata>
		<metadata name="tag">MSP</metadata>
	</metadatalist>

	<!--ARGUMENTS-->
	<objarglist>
	</objarglist>

	<!--MESSAGES-->
	<methodlist>
		<method name="(mouse)">
			<arglist />
			<digest>
				Open the file buffer object window.
			</digest>
			<description>
				Double-clicking on the <o>c.convolve~</o> opens a display window where you can view the contents of the <o>buffer~</o> used to load the impulse response.
			</description>
		</method>
		<method name="clear">
			<arglist />
			<digest>
				Clear the current reverberation tail
			</digest>
			<description>
				The <m>clear</m> method clear the current reverberation tail (may produce clicks)
			</description>
		</method>
		<method name="set">
			<arg name="buffer-name" optional="0" type="symbol" />
			<arg name="channel" optional="1" type="int" />
			<digest>
				Set a new impulse response by passing <o>buffer~</o> object name.
			</digest>
			<description>
				The <m>set</m> method sets a new impulse response by passing <o>buffer~</o> object name. An optionnal int can be passed after buffer name to set the buffer channel to be used.
			</description>
		</method>
		<method name="signal">
			<arglist />
			<digest>
				Signal to reverberate
			</digest>
			<description>
				Signal to reverberate
			</description>
		</method>
	</methodlist>

	<!--ATTRIBUTES-->
	<attributelist>
		<attribute name="buffer" get="1" set="1" type="symbol" size="1">
			<digest>
				Buffer~ Object Name
			</digest>
			<description>
				The <b>buffer</b> attribute is the name of the <o>buffer~</o> used to read the impulse response.
			</description>
			<attributelist>
				<attribute name="category" get="1" set="1" type="symbol" size="1" value="Behavior" />
				<attribute name="label" get="1" set="1" type="symbol" size="1" value="Buffer~ Object Name" />
				<attribute name="save" get="1" set="1" type="int" size="1" value="1" />
				<attribute name="style" get="1" set="1" type="symbol" size="1" value="text" />
			</attributelist>
		</attribute>
		<attribute name="channel" get="1" set="1" type="int" size="1">
			<digest>
				Channel
			</digest>
			<description>
				The <b>channel</b> attribute is the channel number of the impulse response buffer.
			</description>
			<attributelist>
				<attribute name="category" get="1" set="1" type="symbol" size="1" value="Behavior" />
				<attribute name="label" get="1" set="1" type="symbol" size="1" value="Channel" />
				<attribute name="save" get="1" set="1" type="int" size="1" value="1" />
				<attribute name="style" get="1" set="1" type="symbol" size="1" value="text" />
			</attributelist>
		</attribute>
		<attribute name="cropsize" get="1" set="1" type="atom" size="1">
			<digest>
				Crop size (ms)
			</digest>
			<description>
				Use the <b>cropsize</b> attribute to limit the impulse response at a maximum size. It can be usefull to prevent too big CPU usage when loading big impulse responses.
				the <b>cropsize</b> is set in milliseconds, dont set this if you want to play the entire IR.
			</description>
			<attributelist>
				<attribute name="category" get="1" set="1" type="symbol" size="1" value="Behavior" />
				<attribute name="label" get="1" set="1" type="symbol" size="1" value="Crop size (ms)" />
				<attribute name="save" get="1" set="1" type="int" size="1" value="1" />
				<attribute name="style" get="1" set="1" type="symbol" size="1" value="text" />
			</attributelist>
		</attribute>
		<attribute name="fftsize" get="1" set="1" type="int" size="1">
			<digest>
				FFT size
			</digest>
			<description>
				The <b>fftsize</b> attribute is the <o>c.convolve</o> FFT size.
			</description>
			<attributelist>
				<attribute name="category" get="1" set="1" type="symbol" size="1" value="Behavior" />
				<attribute name="label" get="1" set="1" type="symbol" size="1" value="FFT size" />
				<attribute name="save" get="1" set="1" type="int" size="1" value="1" />
				<attribute name="style" get="1" set="1" type="symbol" size="1" value="text" />
			</attributelist>
		</attribute>
		<attribute name="normalize" get="1" set="1" type="int" size="1">
			<digest>
				Normalize buffer content
			</digest>
			<description>
				If the <b>normalize</b> attribute is checked, <o>c.convolve</o> object will normalize the <o>buffer~</o> content.
			</description>
			<attributelist>
				<attribute name="category" get="1" set="1" type="symbol" size="1" value="Behavior" />
				<attribute name="label" get="1" set="1" type="symbol" size="1" value="Normalize buffer content" />
				<attribute name="save" get="1" set="1" type="int" size="1" value="1" />
				<attribute name="style" get="1" set="1" type="symbol" size="1" value="onoff" />
			</attributelist>
		</attribute>
	</attributelist>

	<!--DISCUSSION-->
	<discussion>
		<o>c.convolve~</o> is a zero latency convolution reverberation processor.
	</discussion>

	<!--SEEALSO-->
	<seealsolist>
		<seealso name="hoa.fx.convolve~" />
		<seealso name="c.freeverb~" />
		<seealso name="hoa.fx.freeverb~" />
		<seealso name="hoa.process~" />
	</seealsolist>

	<misc name = "Discussion">
		<entry name ="More details">
			<description>
		<o>c.convolve~</o> is a zero latency convolution reverberation processor.
			</description>
		</entry>
		<entry name ="Keywords">
			<description>
			</description>
		</entry>
	</misc>

</c74object>