<?xml version="1.0" encoding="utf-8" standalone="yes"?>
<?xml-stylesheet href="./_c74_ref.xsl" type="text/xsl"?>

<!--This file has been automatically generated by Doctor Max. DO NOT EDIT THIS FILE DIRECTLY.-->

<c74object name="c.freeverb~" module="hoa">

	<digest>
		A freeverb reverberation processor implementation
	</digest>

	<description>
		<o>c.freeverb~</o> is a freeverb reverberation processor implementation
	</description>

	<!--METADATA-->
	<metadatalist>
		<metadata name="author">Julien Colafrancesco, Pierre Guillot, Eliott Paris.</metadata>
		<metadata name="tag">Other</metadata>
		<metadata name="tag">MSP</metadata>
	</metadatalist>

	<!--INLETS-->
	<inletlist>
		<inlet id="0" type="INLET_TYPE">
			<digest>
				
			</digest>
			<description>
			</description>
		</inlet>
		<inlet id="1" type="INLET_TYPE">
			<digest>
				Input signal, freeverb messages
			</digest>
			<description>
			</description>
		</inlet>
	</inletlist>

	<!--OUTLETS-->
	<outletlist>
		<outlet id="0" type="INLET_TYPE">
			<digest>
				Output signal
			</digest>
			<description>
			</description>
		</outlet>
	</outletlist>

	<!--ARGUMENTS-->
	<objarglist>
		<objarg name="freeverb-channel" optional="1" type="symbol/int">
			<digest>
				The freeverb channel
			</digest>
			<description>
				First argument is the freeverb channel. it can either be left/0 or right/1
			</description>
		</objarg>
	</objarglist>

	<!--MESSAGES-->
	<methodlist>
		<method name="damp">
			<arg name="damp" optional="0" type="float" />
			<digest>
				Set damp of the reverberation
			</digest>
			<description>
				The <m>damp</m> method sets the damp of the reverberation (between 0 and 1).
			</description>
		</method>
		<method name="freeze">
			<arg name="freeze-onoff" optional="0" type="int" />
			<digest>
				Freeze the reverberation
			</digest>
			<description>
				The <m>freeze</m> method can be used to freeze the reverberation
			</description>
		</method>
		<method name="roomsize">
			<arg name="room-size" optional="0" type="float" />
			<digest>
				Set the room size
			</digest>
			<description>
				The <m>roomsize</m> method sets the size of the room (between 0 and 1).
			</description>
		</method>
		<method name="signal">
			<arglist />
			<digest>
				Signal to reverberate
			</digest>
			<description>
				Signal to reverberate
			</description>
		</method>
	</methodlist>

	<!--ATTRIBUTES-->
	<attributelist>
	</attributelist>

	<!--DISCUSSION-->
	<discussion>
		<o>c.freeverb~</o> is a freeverb reverberation processor implementation
	</discussion>

	<!--SEEALSO-->
	<seealsolist>
		<seealso name="hoa.fx.freeverb~" />
		<seealso name="c.convolve~" />
		<seealso name="hoa.fx.convolve~" />
		<seealso name="hoa.process~" />
	</seealsolist>

	<misc name = "Input">
		<entry name ="Inlet 1">
			<description>
				.
			</description>
		</entry>
		<entry name ="Inlet 2 (signal)">
			<description>
				Input signal, freeverb messages.
			</description>
		</entry>
	</misc>

	<misc name = "Output">
		<entry name ="Outlet 1 (signal)">
			<description>
				Output signal.
			</description>
		</entry>
	</misc>

	<misc name = "Discussion">
		<entry name ="More details">
			<description>
		<o>c.freeverb~</o> is a freeverb reverberation processor implementation
			</description>
		</entry>
		<entry name ="Keywords">
			<description>
			</description>
		</entry>
	</misc>

</c74object>