<?xml version="1.0" encoding="utf-8" standalone="yes"?>
<?xml-stylesheet href="./_c74_ref.xsl" type="text/xsl"?>

<!--This file has been automatically generated by Doctor Max. DO NOT EDIT THIS FILE DIRECTLY.-->

<c74object name="hoa.syn.delay~" module="hoa">

	<digest>
		A delay sound field synthesizer.
	</digest>

	<description>
		<o>hoa.syn.delay~</o> allows you to synthesize a sound field by delaying a single signal.
		This patcher requires to be loaded by a <o>hoa.process~</o> object to work.
	</description>

	<!--METADATA-->
	<metadatalist>
		<metadata name="author">Julien Colafrancesco, Pierre Guillot, Eliott Paris.</metadata>
		<metadata name="tag">Process</metadata>
		<metadata name="tag">MSP</metadata>
		<metadata name="tag">abstraction</metadata>
	</metadatalist>

	<!--ARGUMENTS-->
	<objarglist>
	</objarglist>

	<!--MESSAGES-->
	<methodlist>
	</methodlist>

	<!--ATTRIBUTES-->
	<attributelist>
		<attribute name="deltime" get="1" set="1" type="float" size="1">
			<digest>
				Delay size (ms)
			</digest>
			<description>
			</description>
			<attributelist>
				<attribute name="default" get="1" set="1" type="float" size="1" value="0" />
				<attribute name="label" get="1" set="1" type="symbol" size="1" value="Delay size (ms)" />
				<attribute name="style" get="1" set="1" type="symbol" size="1" value="text" />
			</attributelist>
		</attribute>
		<attribute name="feedback" get="1" set="1" type="float" size="1">
			<digest>
				Feedback
			</digest>
			<description>
			</description>
			<attributelist>
				<attribute name="default" get="1" set="1" type="float" size="1" value="0." />
				<attribute name="label" get="1" set="1" type="symbol" size="1" value="Feedback" />
				<attribute name="style" get="1" set="1" type="symbol" size="1" value="text" />
			</attributelist>
		</attribute>
		<attribute name="window" get="1" set="1" type="float" size="1">
			<digest>
				Max delay size (samps)
			</digest>
			<description>
			</description>
			<attributelist>
				<attribute name="default" get="1" set="1" type="float" size="1" value="100" />
				<attribute name="label" get="1" set="1" type="symbol" size="1" value="Max delay size (samps)" />
				<attribute name="style" get="1" set="1" type="symbol" size="1" value="text" />
			</attributelist>
		</attribute>
	</attributelist>

	<!--DISCUSSION-->
	<discussion>
		<o>hoa.syn.delay~</o> allows you to synthesize a sound field by delaying a single signal.
		This patcher requires to be loaded by a <o>hoa.process~</o> object to work.
	</discussion>

	<!--SEEALSO-->
	<seealsolist>
		<seealso name="hoa.process~" />
		<seealso name="hoa.fx.delay~" />
		<seealso name="hoa.syn.decorrelation~" />
		<seealso name="hoa.syn.grain~" />
		<seealso name="hoa.syn.ringmod~" />
	</seealsolist>

	<misc name = "Discussion">
		<entry name ="More details">
			<description>
		<o>hoa.syn.delay~</o> allows you to synthesize a sound field by delaying a single signal.
		This patcher requires to be loaded by a <o>hoa.process~</o> object to work.
			</description>
		</entry>
		<entry name ="Keywords">
			<description>
			</description>
		</entry>
	</misc>

</c74object>