<?xml version="1.0" encoding="utf-8" standalone="yes"?>
<?xml-stylesheet href="./_c74_ref.xsl" type="text/xsl"?>

<!--This file has been automatically generated by Doctor Max. DO NOT EDIT THIS FILE DIRECTLY.-->

<c74object name="hoa.3d.encoder~" module="hoa">

	<digest>
		A 3d ambisonic encoder.
	</digest>

	<description>
		<o>hoa.3d.encoder~</o> encodes a signal into the spherical harmonics domain depending on a given order of decomposition, an azimuth and an elevation value given in radians
	</description>

	<!--METADATA-->
	<metadatalist>
		<metadata name="author">Julien Colafrancesco, Pierre Guillot, Eliott Paris.</metadata>
		<metadata name="tag">3d</metadata>
		<metadata name="tag">Ambisonics</metadata>
		<metadata name="tag">MSP</metadata>
	</metadatalist>

	<!--ARGUMENTS-->
	<objarglist>
		<objarg name="decomposition-order" optional="0" type="int">
			<digest>
				The ambisonic order of decomposition
			</digest>
			<description>
				First argument is the ambisonic order of decomposition.
			</description>
		</objarg>
	</objarglist>

	<!--MESSAGES-->
	<methodlist>
		<method name="int">
			<arg name="azimuth/elevation" optional="0" type="float" />
			<digest>
				Set the azimuth or the elevation of the encoding in radians (between 0 and 2π)
			</digest>
			<description>
			</description>
		</method>
		<method name="int">
			<arg name="azimuth/elevation" optional="0" type="int" />
			<digest>
				Set the azimuth or the elevation of the encoding in radians (between 0 and 2π)
			</digest>
			<description>
			</description>
		</method>
		<method name="signal">
			<arglist />
			<digest>
				Signal to encode or azimuth / elevation of the encoding in radians.
			</digest>
			<description>
				In the left inlet, the signal to encode.
				In the second inlet : set the azimuth of the encoding in radians
				In the third inlet : set the elevation of the encoding in radians
			</description>
		</method>
	</methodlist>

	<!--ATTRIBUTES-->
	<attributelist>
	</attributelist>

	<!--DISCUSSION-->
	<discussion>
		<o>hoa.3d.encoder~</o> encodes a signal into the spherical harmonics domain depending on a given order of decomposition, an azimuth and an elevation value given in radians
	</discussion>

	<!--SEEALSO-->
	<seealsolist>
		<seealso name="hoa.2d.encoder~" />
		<seealso name="hoa.3d.decoder~" />
		<seealso name="hoa.3d.map~" />
		<seealso name="hoa.3d.optim~" />
		<seealso name="hoa.3d.scope~" />
		<seealso name="hoa.3d.wider~" />
		<seealso name="hoa.pi" />
		<seealso name="hoa.pi~" />
	</seealsolist>

	<misc name = "Discussion">
		<entry name ="More details">
			<description>
		<o>hoa.3d.encoder~</o> encodes a signal into the spherical harmonics domain depending on a given order of decomposition, an azimuth and an elevation value given in radians
			</description>
		</entry>
		<entry name ="Keywords">
			<description>
			</description>
		</entry>
	</misc>

</c74object>