<?xml version="1.0" encoding="utf-8" standalone="yes"?>
<?xml-stylesheet href="./_c74_ref.xsl" type="text/xsl"?>

<!--This file has been automatically generated by Doctor Max. DO NOT EDIT THIS FILE DIRECTLY.-->

<c74object name="hoa.2d.rotate~" module="hoa">

	<digest>
		A 2d ambisonic sound field rotation external
	</digest>

	<description>
		<o>hoa.2d.rotate~</o> applies a rotation on the ambisonic sound field.
	</description>

	<!--METADATA-->
	<metadatalist>
		<metadata name="author">Julien Colafrancesco, Pierre Guillot, Eliott Paris.</metadata>
		<metadata name="tag">2d</metadata>
		<metadata name="tag">Ambisonics</metadata>
		<metadata name="tag">MSP</metadata>
	</metadatalist>

	<!--ARGUMENTS-->
	<objarglist>
		<objarg name="decomposition-order" optional="0" type="int">
			<digest>
				The ambisonic order of decomposition
			</digest>
			<description>
				First argument is the ambisonic order of decomposition.
			</description>
		</objarg>
	</objarglist>

	<!--MESSAGES-->
	<methodlist>
		<method name="float">
			<arglist />
			<digest>
				Set the rotation angle.
			</digest>
			<description>
				Set the angle of the rotation of the soundfield in radian in the last inlet at control rate. The rotation angle is anti-clockwise and wrapped between 0. and 2π.
			</description>
		</method>
		<method name="int">
			<arglist />
			<digest>
				Set the rotation angle.
			</digest>
			<description>
				Set the angle of the rotation of the soundfield in radian in the last inlet at control rate. The rotation angle is anti-clockwise and wrapped between 0. and 2π.
			</description>
		</method>
		<method name="signal">
			<arglist />
			<digest>
				Array of circular harmonic signals to be rotated, rotation angle.
			</digest>
			<description>
				Array of circular harmonic signals to be optimized. Set the angle of the rotation of the soundfield in radian in the last inlet at signal rate. The rotation angle is anti-clockwise and wrapped between 0. and 2π.
			</description>
		</method>
	</methodlist>

	<!--ATTRIBUTES-->
	<attributelist>
	</attributelist>

	<!--DISCUSSION-->
	<discussion>
		<o>hoa.2d.rotate~</o> applies a rotation on the ambisonic sound field.
	</discussion>

	<!--SEEALSO-->
	<seealsolist>
		<seealso name="hoa.2d.wider~" />
		<seealso name="hoa.2d.encoder~" />
		<seealso name="hoa.2d.decoder~" />
		<seealso name="hoa.process~" />
		<seealso name="hoa.mirror~" />
		<seealso name="hoa.2d.space" />
		<seealso name="hoa.2d.recomposer" />
		<seealso name="hoa.2d.meter~" />
		<seealso name="hoa.2d.scope~" />
	</seealsolist>

	<misc name = "Discussion">
		<entry name ="More details">
			<description>
		<o>hoa.2d.rotate~</o> applies a rotation on the ambisonic sound field.
			</description>
		</entry>
		<entry name ="Keywords">
			<description>
			</description>
		</entry>
	</misc>

</c74object>