<?xml version="1.0" encoding="utf-8" standalone="yes"?>
<?xml-stylesheet href="./_c74_ref.xsl" type="text/xsl"?>

<!--This file has been automatically generated by Doctor Max. DO NOT EDIT THIS FILE DIRECTLY.-->

<c74object name="hoa.3d.meter~" module="hoa">

	<digest>
		Displays the peak level indicators for a spherical array of loudspeakers
	</digest>

	<description>
		<o>hoa.3d.meter~</o> is a spherical version of the <o>hoa.2d.meter~</o>. It computes and displays the peak level indicators for a spherical array of loudspeakers, and the energy and velocity vectors.
	</description>

	<!--METADATA-->
	<metadatalist>
		<metadata name="author">Julien Colafrancesco, Pierre Guillot, Eliott Paris.</metadata>
		<metadata name="tag">3d</metadata>
		<metadata name="tag">Planewaves</metadata>
		<metadata name="tag">GUI</metadata>
		<metadata name="tag">MSP</metadata>
	</metadatalist>

	<!--ARGUMENTS-->
	<objarglist>
	</objarglist>

	<!--MESSAGES-->
	<methodlist>
		<method name="signal">
			<arglist />
			<digest>
				Array of signals to be visualized.
			</digest>
			<description>
				Array of signals to visualized.
			</description>
		</method>
	</methodlist>

	<!--ATTRIBUTES-->
	<attributelist>
		<attribute name="angles" get="1" set="1" type="float_array" size="0">
			<digest>
				Angles of Channels
			</digest>
			<description>
				The angles of displayed channels and peak level indicators. Values are in degrees, wrapped between 0. and 360. The list lenght must be equal to 2*<m>channels</m> : interleaved azimuth and elevation value for each channels.
			</description>
			<attributelist>
				<attribute name="default" get="1" set="1" type="float_array" size="0" value="45 35.2644 135 35.2644 225 35.2644 315 35.2644 45 -35.2644 135 -35.2644 225 -35.2644 315 -35.2644" />
				<attribute name="label" get="1" set="1" type="symbol" size="1" value="Angles of Channels" />
				<attribute name="save" get="1" set="1" type="int" size="1" value="1" />
				<attribute name="style" get="1" set="1" type="symbol" size="1" value="text" />
			</attributelist>
		</attribute>
		<attribute name="bgcolor" get="1" set="1" type="" size="1">
			<digest>
				Background Color
			</digest>
			<description>
				Sets the RGBA values for the background color of the <o>hoa.3d.meter~</o> object
			</description>
			<attributelist>
				<attribute name="default" get="1" set="1" type="" size="1" value="0.76 0.76 0.76 1." />
				<attribute name="label" get="1" set="1" type="symbol" size="1" value="Background Color" />
				<attribute name="paint" get="1" set="1" type="int" size="1" value="1" />
				<attribute name="save" get="1" set="1" type="int" size="1" value="1" />
				<attribute name="style" get="1" set="1" type="symbol" size="1" value="rgba" />
			</attributelist>
		</attribute>
		<attribute name="channels" get="1" set="1" type="int" size="1">
			<digest>
				Number of Channels
			</digest>
			<description>
				The number of displayed channel and peak level indicators.
			</description>
			<attributelist>
				<attribute name="default" get="1" set="1" type="int" size="1" value="8" />
				<attribute name="label" get="1" set="1" type="symbol" size="1" value="Number of Channels" />
				<attribute name="save" get="1" set="1" type="int" size="1" value="1" />
				<attribute name="style" get="1" set="1" type="symbol" size="1" value="text" />
			</attributelist>
		</attribute>
		<attribute name="coldcolor" get="1" set="1" type="" size="1">
			<digest>
				Cold Signal Color
			</digest>
			<description>
				Sets the RGBA values for the cold signal color of the <o>hoa.3d.meter~</o> object
			</description>
			<attributelist>
				<attribute name="default" get="1" set="1" type="" size="1" value="0. 0.6 0. 0.8" />
				<attribute name="label" get="1" set="1" type="symbol" size="1" value="Cold Signal Color" />
				<attribute name="paint" get="1" set="1" type="int" size="1" value="1" />
				<attribute name="save" get="1" set="1" type="int" size="1" value="1" />
				<attribute name="style" get="1" set="1" type="symbol" size="1" value="rgba" />
			</attributelist>
		</attribute>
		<attribute name="color" get="1" set="1" type="" size="1">
			<digest>
				
			</digest>
			<description>
			</description>
			<attributelist>
				<attribute name="style" get="1" set="1" type="symbol" size="1" value="text" />
			</attributelist>
		</attribute>
		<attribute name="energycolor" get="1" set="1" type="" size="1">
			<digest>
				Energy Vector Color
			</digest>
			<description>
				Sets the RGBA values for the energy vector color of the <o>hoa.3d.meter~</o> object
			</description>
			<attributelist>
				<attribute name="default" get="1" set="1" type="" size="1" value="0. 0. 1. 0.8" />
				<attribute name="label" get="1" set="1" type="symbol" size="1" value="Energy Vector Color" />
				<attribute name="paint" get="1" set="1" type="int" size="1" value="1" />
				<attribute name="save" get="1" set="1" type="int" size="1" value="1" />
				<attribute name="style" get="1" set="1" type="symbol" size="1" value="rgba" />
			</attributelist>
		</attribute>
		<attribute name="hotcolor" get="1" set="1" type="" size="1">
			<digest>
				Hot Signal Color
			</digest>
			<description>
				Sets the RGBA values for the LEDs color for the upper "hot" range of the <o>hoa.3d.meter~</o> object
			</description>
			<attributelist>
				<attribute name="default" get="1" set="1" type="" size="1" value="1. 0.6 0. 0.8" />
				<attribute name="label" get="1" set="1" type="symbol" size="1" value="Hot Signal Color" />
				<attribute name="paint" get="1" set="1" type="int" size="1" value="1" />
				<attribute name="save" get="1" set="1" type="int" size="1" value="1" />
				<attribute name="style" get="1" set="1" type="symbol" size="1" value="rgba" />
			</attributelist>
		</attribute>
		<attribute name="interval" get="1" set="1" type="int" size="1">
			<digest>
				Refresh Interval (in ms)
			</digest>
			<description>
				The refresh interval time in milliseconds.
			</description>
			<attributelist>
				<attribute name="default" get="1" set="1" type="int" size="1" value="50" />
				<attribute name="label" get="1" set="1" type="symbol" size="1" value="Refresh Interval (in ms)" />
				<attribute name="save" get="1" set="1" type="int" size="1" value="1" />
				<attribute name="style" get="1" set="1" type="symbol" size="1" value="text" />
			</attributelist>
		</attribute>
		<attribute name="offcolor" get="1" set="1" type="" size="1">
			<digest>
				Off Signal Color
			</digest>
			<description>
				Sets the RGBA values for the off signal color of the <o>hoa.2d.meter~</o> object
			</description>
			<attributelist>
				<attribute name="default" get="1" set="1" type="" size="1" value="0. 0. 0. 0.1" />
				<attribute name="label" get="1" set="1" type="symbol" size="1" value="Off Signal Color" />
				<attribute name="paint" get="1" set="1" type="int" size="1" value="1" />
				<attribute name="save" get="1" set="1" type="int" size="1" value="1" />
				<attribute name="style" get="1" set="1" type="symbol" size="1" value="rgba" />
			</attributelist>
		</attribute>
		<attribute name="offset" get="1" set="1" type="float_array" size="0">
			<digest>
				Offset of Channels
			</digest>
			<description>
				Offset of channels and peak level indicators. The 3 values, corresponding to a rotation of the sphere over the (X, Y, Z) axis are in degree.
			</description>
			<attributelist>
				<attribute name="default" get="1" set="1" type="float_array" size="0" value="0. 0. 0." />
				<attribute name="label" get="1" set="1" type="symbol" size="1" value="Offset of Channels" />
				<attribute name="save" get="1" set="1" type="int" size="1" value="1" />
				<attribute name="style" get="1" set="1" type="symbol" size="1" value="text" />
			</attributelist>
		</attribute>
		<attribute name="overloadcolor" get="1" set="1" type="" size="1">
			<digest>
				Overload Signal Color
			</digest>
			<description>
				Sets the RGBA values for the LEDs color for the "over" indicator of the <o>hoa.3d.meter~</o> object
			</description>
			<attributelist>
				<attribute name="default" get="1" set="1" type="" size="1" value="1. 0. 0. 0.8" />
				<attribute name="label" get="1" set="1" type="symbol" size="1" value="Overload Signal Color" />
				<attribute name="paint" get="1" set="1" type="int" size="1" value="1" />
				<attribute name="save" get="1" set="1" type="int" size="1" value="1" />
				<attribute name="style" get="1" set="1" type="symbol" size="1" value="rgba" />
			</attributelist>
		</attribute>
		<attribute name="patching_rect" get="1" set="1" type="" size="1">
			<digest>
				
			</digest>
			<description>
			</description>
			<attributelist>
				<attribute name="default" get="1" set="1" type="" size="1" value="0 0 150 150" />
				<attribute name="style" get="1" set="1" type="symbol" size="1" value="text" />
			</attributelist>
		</attribute>
		<attribute name="rotation" get="1" set="1" type="symbol" size="1">
			<digest>
				Rotation of Channels
			</digest>
			<description>
				The rotation can either be <b>clockwise</b> or <b>anti-clockwise</b>
			</description>
			<attributelist>
				<attribute name="default" get="1" set="1" type="symbol" size="1" value="anti-clockwise" />
				<attribute name="label" get="1" set="1" type="symbol" size="1" value="Rotation of Channels" />
				<attribute name="paint" get="1" set="1" type="int" size="1" value="1" />
				<attribute name="save" get="1" set="1" type="int" size="1" value="1" />
				<attribute name="style" get="1" set="1" type="symbol" size="1" value="text" />
			</attributelist>
		</attribute>
		<attribute name="tepidcolor" get="1" set="1" type="" size="1">
			<digest>
				Tepid Signal Color
			</digest>
			<description>
				Sets the RGBA values for the LEDs color for the lower-middle "tepid" range of the <o>hoa.3d.meter~</o> object
			</description>
			<attributelist>
				<attribute name="default" get="1" set="1" type="" size="1" value="0.6 0.73 0. 0.8" />
				<attribute name="label" get="1" set="1" type="symbol" size="1" value="Tepid Signal Color" />
				<attribute name="paint" get="1" set="1" type="int" size="1" value="1" />
				<attribute name="save" get="1" set="1" type="int" size="1" value="1" />
				<attribute name="style" get="1" set="1" type="symbol" size="1" value="rgba" />
			</attributelist>
		</attribute>
		<attribute name="vectors" get="1" set="1" type="symbol" size="1">
			<digest>
				Vectors
			</digest>
			<description>
				The vector(s) to draw.
			</description>
			<attributelist>
				<attribute name="default" get="1" set="1" type="symbol" size="1" value="Energy" />
				<attribute name="label" get="1" set="1" type="symbol" size="1" value="Vectors" />
				<attribute name="save" get="1" set="1" type="int" size="1" value="1" />
				<attribute name="style" get="1" set="1" type="symbol" size="1" value="text" />
			</attributelist>
		</attribute>
		<attribute name="velocitycolor" get="1" set="1" type="" size="1">
			<digest>
				Velocity Vector Color
			</digest>
			<description>
				Sets the RGBA values for the velocity vector color of the <o>hoa.3d.meter~</o> object
			</description>
			<attributelist>
				<attribute name="default" get="1" set="1" type="" size="1" value="1. 0. 0. 0.8" />
				<attribute name="label" get="1" set="1" type="symbol" size="1" value="Velocity Vector Color" />
				<attribute name="paint" get="1" set="1" type="int" size="1" value="1" />
				<attribute name="save" get="1" set="1" type="int" size="1" value="1" />
				<attribute name="style" get="1" set="1" type="symbol" size="1" value="rgba" />
			</attributelist>
		</attribute>
		<attribute name="view" get="1" set="1" type="symbol" size="1">
			<digest>
				View
			</digest>
			<description>
				Select the view you want compared to the sphere. "top-bottom" will draw the bottom of the sphere at the right of the top while the "top/bottom" view will draw it at the bottom.
			</description>
			<attributelist>
				<attribute name="default" get="1" set="1" type="symbol" size="1" value="top" />
				<attribute name="label" get="1" set="1" type="symbol" size="1" value="View" />
				<attribute name="paint" get="1" set="1" type="int" size="1" value="1" />
				<attribute name="save" get="1" set="1" type="int" size="1" value="1" />
				<attribute name="style" get="1" set="1" type="symbol" size="1" value="text" />
			</attributelist>
		</attribute>
		<attribute name="warmcolor" get="1" set="1" type="" size="1">
			<digest>
				Warm Signal Color
			</digest>
			<description>
				Sets the RGBA values for the LEDs color for upper-middle "warm" range of the <o>hoa.3d.meter~</o> object
			</description>
			<attributelist>
				<attribute name="default" get="1" set="1" type="" size="1" value=".85 .85 0. 0.8" />
				<attribute name="label" get="1" set="1" type="symbol" size="1" value="Warm Signal Color" />
				<attribute name="paint" get="1" set="1" type="int" size="1" value="1" />
				<attribute name="save" get="1" set="1" type="int" size="1" value="1" />
				<attribute name="style" get="1" set="1" type="symbol" size="1" value="rgba" />
			</attributelist>
		</attribute>
	</attributelist>

	<!--EXAMPLE-->
	<examplelist>
		<example img="hoa.3d.meter~.png" caption="the hoa.3d.meter~ GUI object" />
	</examplelist>

	<!--DISCUSSION-->
	<discussion>
		<o>hoa.3d.meter~</o> is a spherical version of the <o>hoa.2d.meter~</o>. It computes and displays the peak level indicators for a spherical array of loudspeakers, and the energy and velocity vectors.
	</discussion>

	<!--SEEALSO-->
	<seealsolist>
		<seealso name="meter~" />
		<seealso name="hoa.2d.meter~" />
		<seealso name="hoa.3d.scope~" />
		<seealso name="hoa.3d.decoder~" />
		<seealso name="hoa.3d.encoder~" />
		<seealso name="hoa.3d.map~" />
		<seealso name="hoa.3d.optim~" />
		<seealso name="hoa.3d.vector~" />
		<seealso name="hoa.3d.wider~" />
		<seealso name="hoa.dac~" />
	</seealsolist>

	<misc name = "Discussion">
		<entry name ="More details">
			<description>
		<o>hoa.3d.meter~</o> is a spherical version of the <o>hoa.2d.meter~</o>. It computes and displays the peak level indicators for a spherical array of loudspeakers, and the energy and velocity vectors.
			</description>
		</entry>
		<entry name ="Keywords">
			<description>
			</description>
		</entry>
	</misc>

</c74object>