<?xml version="1.0" encoding="utf-8" standalone="yes"?>
<?xml-stylesheet href="./_c74_ref.xsl" type="text/xsl"?>

<!--This file has been automatically generated by Doctor Max. DO NOT EDIT THIS FILE DIRECTLY.-->

<c74object name="hoa.2d.meter~" module="hoa">

	<digest>
		A circular array of visual peak level indicators.
	</digest>

	<description>
		The <o>hoa.2d.meter~</o> object displays the peak levels for a circular array of loudspeakers. It computes and displays the energy and velocity vectors.
	</description>

	<!--METADATA-->
	<metadatalist>
		<metadata name="author">Julien Colafrancesco, Pierre Guillot, Eliott Paris.</metadata>
		<metadata name="tag">2d</metadata>
		<metadata name="tag">Planewaves</metadata>
		<metadata name="tag">GUI</metadata>
		<metadata name="tag">MSP</metadata>
	</metadatalist>

	<!--ARGUMENTS-->
	<objarglist>
	</objarglist>

	<!--MESSAGES-->
	<methodlist>
		<method name="signal">
			<arg name="channel-signal" optional="0" type="signal" />
			<digest>
				Array of signals to visualize.
			</digest>
			<description>
				Array of signals to visualize.
			</description>
		</method>
	</methodlist>

	<!--ATTRIBUTES-->
	<attributelist>
		<attribute name="angles" get="1" set="1" type="float_array" size="0">
			<digest>
				Angles of Channels
			</digest>
			<description>
				The angles of the displayed channels and peak level indicators. Values are in degrees, wrapped between 0. and 360., so you can also set the angles with negative values.
			</description>
			<attributelist>
				<attribute name="label" get="1" set="1" type="symbol" size="1" value="Angles of Channels" />
				<attribute name="save" get="1" set="1" type="int" size="1" value="1" />
				<attribute name="style" get="1" set="1" type="symbol" size="1" value="text" />
			</attributelist>
		</attribute>
		<attribute name="bgcolor" get="1" set="1" type="" size="1">
			<digest>
				Background Color
			</digest>
			<description>
				Sets the RGBA values for the background color of the <o>hoa.2d.meter~</o> object
			</description>
			<attributelist>
				<attribute name="category" get="1" set="1" type="symbol" size="1" value="Color" />
				<attribute name="default" get="1" set="1" type="" size="1" value="0.76 0.76 0.76 1." />
				<attribute name="label" get="1" set="1" type="symbol" size="1" value="Background Color" />
				<attribute name="paint" get="1" set="1" type="int" size="1" value="1" />
				<attribute name="save" get="1" set="1" type="int" size="1" value="1" />
				<attribute name="style" get="1" set="1" type="symbol" size="1" value="rgba" />
			</attributelist>
		</attribute>
		<attribute name="channels" get="1" set="1" type="int" size="1">
			<digest>
				Number of Channels
			</digest>
			<description>
				The number of displayed channel and peak level indicators.
			</description>
			<attributelist>
				<attribute name="default" get="1" set="1" type="int" size="1" value="4" />
				<attribute name="label" get="1" set="1" type="symbol" size="1" value="Number of Channels" />
				<attribute name="save" get="1" set="1" type="int" size="1" value="1" />
				<attribute name="style" get="1" set="1" type="symbol" size="1" value="text" />
			</attributelist>
		</attribute>
		<attribute name="coldcolor" get="1" set="1" type="" size="1">
			<digest>
				Cold Signal Color
			</digest>
			<description>
				Sets the RGBA values for the cold signal color of the <o>hoa.2d.meter~</o> object
			</description>
			<attributelist>
				<attribute name="category" get="1" set="1" type="symbol" size="1" value="Color" />
				<attribute name="default" get="1" set="1" type="" size="1" value="0. 0.6 0. 0.8" />
				<attribute name="label" get="1" set="1" type="symbol" size="1" value="Cold Signal Color" />
				<attribute name="paint" get="1" set="1" type="int" size="1" value="1" />
				<attribute name="save" get="1" set="1" type="int" size="1" value="1" />
				<attribute name="style" get="1" set="1" type="symbol" size="1" value="rgba" />
			</attributelist>
		</attribute>
		<attribute name="color" get="1" set="1" type="" size="1">
			<digest>
				
			</digest>
			<description>
			</description>
			<attributelist>
				<attribute name="style" get="1" set="1" type="symbol" size="1" value="text" />
			</attributelist>
		</attribute>
		<attribute name="dbperled" get="1" set="1" type="int" size="1">
			<digest>
				DeciBels per Led
			</digest>
			<description>
				Sets the amount of signal level in deciBels represented by each LED. By default each LED represents a 3dB change in volume from its neighboring LEDs.
			</description>
			<attributelist>
				<attribute name="category" get="1" set="1" type="symbol" size="1" value="Value" />
				<attribute name="default" get="1" set="1" type="int" size="1" value="3" />
				<attribute name="label" get="1" set="1" type="symbol" size="1" value="DeciBels per Led" />
				<attribute name="save" get="1" set="1" type="int" size="1" value="1" />
				<attribute name="style" get="1" set="1" type="symbol" size="1" value="text" />
			</attributelist>
		</attribute>
		<attribute name="energycolor" get="1" set="1" type="" size="1">
			<digest>
				Energy Vector Color
			</digest>
			<description>
				Sets the RGBA values for the energy vector color of the <o>hoa.2d.meter~</o> object
			</description>
			<attributelist>
				<attribute name="category" get="1" set="1" type="symbol" size="1" value="Color" />
				<attribute name="default" get="1" set="1" type="" size="1" value="0. 0. 1. 0.8" />
				<attribute name="label" get="1" set="1" type="symbol" size="1" value="Energy Vector Color" />
				<attribute name="paint" get="1" set="1" type="int" size="1" value="1" />
				<attribute name="save" get="1" set="1" type="int" size="1" value="1" />
				<attribute name="style" get="1" set="1" type="symbol" size="1" value="rgba" />
			</attributelist>
		</attribute>
		<attribute name="hotcolor" get="1" set="1" type="" size="1">
			<digest>
				Hot Signal Color
			</digest>
			<description>
				Sets the RGBA values for the LEDs color for the upper "hot" range of the <o>hoa.2d.meter~</o> object
			</description>
			<attributelist>
				<attribute name="category" get="1" set="1" type="symbol" size="1" value="Color" />
				<attribute name="default" get="1" set="1" type="" size="1" value="1. 0.6 0. 0.8" />
				<attribute name="label" get="1" set="1" type="symbol" size="1" value="Hot Signal Color" />
				<attribute name="paint" get="1" set="1" type="int" size="1" value="1" />
				<attribute name="save" get="1" set="1" type="int" size="1" value="1" />
				<attribute name="style" get="1" set="1" type="symbol" size="1" value="rgba" />
			</attributelist>
		</attribute>
		<attribute name="interval" get="1" set="1" type="int" size="1">
			<digest>
				Refresh Interval in Milliseconds
			</digest>
			<description>
				The refresh interval time in milliseconds.
			</description>
			<attributelist>
				<attribute name="default" get="1" set="1" type="int" size="1" value="50" />
				<attribute name="label" get="1" set="1" type="symbol" size="1" value="Refresh Interval in Milliseconds" />
				<attribute name="save" get="1" set="1" type="int" size="1" value="1" />
				<attribute name="style" get="1" set="1" type="symbol" size="1" value="text" />
			</attributelist>
		</attribute>
		<attribute name="ledbgcolor" get="1" set="1" type="" size="1">
			<digest>
				Leds Background Color
			</digest>
			<description>
				Sets the RGBA values for leds background color of the <o>hoa.2d.meter~</o> object
			</description>
			<attributelist>
				<attribute name="category" get="1" set="1" type="symbol" size="1" value="Color" />
				<attribute name="default" get="1" set="1" type="" size="1" value="0. 0. 0. 0.05" />
				<attribute name="label" get="1" set="1" type="symbol" size="1" value="Leds Background Color" />
				<attribute name="paint" get="1" set="1" type="int" size="1" value="1" />
				<attribute name="save" get="1" set="1" type="int" size="1" value="1" />
				<attribute name="style" get="1" set="1" type="symbol" size="1" value="rgba" />
			</attributelist>
		</attribute>
		<attribute name="ledsbg" get="1" set="1" type="int" size="1">
			<digest>
				Draw Leds Background
			</digest>
			<description>
				Draw leds background ?
			</description>
			<attributelist>
				<attribute name="default" get="1" set="1" type="int" size="1" value="1" />
				<attribute name="label" get="1" set="1" type="symbol" size="1" value="Draw Leds Background" />
				<attribute name="save" get="1" set="1" type="int" size="1" value="1" />
				<attribute name="style" get="1" set="1" type="symbol" size="1" value="onoff" />
			</attributelist>
		</attribute>
		<attribute name="mbgcolor" get="1" set="1" type="" size="1">
			<digest>
				Meter Background Color
			</digest>
			<description>
				Sets the RGBA values for the filled circle background color of the <o>hoa.2d.meter~</o> object
			</description>
			<attributelist>
				<attribute name="category" get="1" set="1" type="symbol" size="1" value="Color" />
				<attribute name="default" get="1" set="1" type="" size="1" value="0.61 0.61 0.61 1." />
				<attribute name="label" get="1" set="1" type="symbol" size="1" value="Meter Background Color" />
				<attribute name="paint" get="1" set="1" type="int" size="1" value="1" />
				<attribute name="save" get="1" set="1" type="int" size="1" value="1" />
				<attribute name="style" get="1" set="1" type="symbol" size="1" value="rgba" />
			</attributelist>
		</attribute>
		<attribute name="mborder" get="1" set="1" type="int" size="1">
			<digest>
				Draw Meter Borders
			</digest>
			<description>
				The meter border(s) to draw.
			</description>
			<attributelist>
				<attribute name="default" get="1" set="1" type="int" size="1" value="3" />
				<attribute name="label" get="1" set="1" type="symbol" size="1" value="Draw Meter Borders" />
				<attribute name="save" get="1" set="1" type="int" size="1" value="1" />
				<attribute name="style" get="1" set="1" type="symbol" size="1" value="enumindex" />
			</attributelist>
		</attribute>
		<attribute name="metersize" get="1" set="1" type="float" size="1">
			<digest>
				Meter Circle Size
			</digest>
			<description>
				The size of the inner circle of the <o>hoa.2d.meter~</o>.
			</description>
			<attributelist>
				<attribute name="default" get="1" set="1" type="float" size="1" value="0.8" />
				<attribute name="label" get="1" set="1" type="symbol" size="1" value="Meter Circle Size" />
				<attribute name="save" get="1" set="1" type="int" size="1" value="1" />
				<attribute name="style" get="1" set="1" type="symbol" size="1" value="text" />
			</attributelist>
		</attribute>
		<attribute name="nhotleds" get="1" set="1" type="int" size="1">
			<digest>
				Number of Hot Leds
			</digest>
			<description>
				Sets the total number "hot" warning LEDs displayed on the <o>hoa.2d.meter~</o> object (corresponding to the color set by the <b>hotcolor</b> message).
			</description>
			<attributelist>
				<attribute name="category" get="1" set="1" type="symbol" size="1" value="Value" />
				<attribute name="default" get="1" set="1" type="int" size="1" value="3" />
				<attribute name="label" get="1" set="1" type="symbol" size="1" value="Number of Hot Leds" />
				<attribute name="save" get="1" set="1" type="int" size="1" value="1" />
				<attribute name="style" get="1" set="1" type="symbol" size="1" value="text" />
			</attributelist>
		</attribute>
		<attribute name="ntepidleds" get="1" set="1" type="int" size="1">
			<digest>
				Number of Tepid Leds
			</digest>
			<description>
				Sets the total number "tepid" mid-range LEDs displayed on the <o>hoa.2d.meter~</o> object (corresponding to the color set by the <b>tepidcolor</b> message).
			</description>
			<attributelist>
				<attribute name="category" get="1" set="1" type="symbol" size="1" value="Value" />
				<attribute name="default" get="1" set="1" type="int" size="1" value="3" />
				<attribute name="label" get="1" set="1" type="symbol" size="1" value="Number of Tepid Leds" />
				<attribute name="save" get="1" set="1" type="int" size="1" value="1" />
				<attribute name="style" get="1" set="1" type="symbol" size="1" value="text" />
			</attributelist>
		</attribute>
		<attribute name="numleds" get="1" set="1" type="int" size="1">
			<digest>
				Total Number of Leds
			</digest>
			<description>
				The word numleds, followed by a number between 10 and 20, sets the total number of LEDs displayed on the <o>hoa.2d.meter~</o> object. The range is 10-20 LEDs.
			</description>
			<attributelist>
				<attribute name="category" get="1" set="1" type="symbol" size="1" value="Value" />
				<attribute name="default" get="1" set="1" type="int" size="1" value="12" />
				<attribute name="label" get="1" set="1" type="symbol" size="1" value="Total Number of Leds" />
				<attribute name="save" get="1" set="1" type="int" size="1" value="1" />
				<attribute name="style" get="1" set="1" type="symbol" size="1" value="text" />
			</attributelist>
		</attribute>
		<attribute name="nwarmleds" get="1" set="1" type="int" size="1">
			<digest>
				Number of Warm Leds
			</digest>
			<description>
				Sets the total number "warm" lower-mid-range LEDs displayed on the <o>hoa.2d.meter~</o> object (corresponding to the color set by the <b>warmcolor</b> message).
			</description>
			<attributelist>
				<attribute name="category" get="1" set="1" type="symbol" size="1" value="Value" />
				<attribute name="default" get="1" set="1" type="int" size="1" value="3" />
				<attribute name="label" get="1" set="1" type="symbol" size="1" value="Number of Warm Leds" />
				<attribute name="save" get="1" set="1" type="int" size="1" value="1" />
				<attribute name="style" get="1" set="1" type="symbol" size="1" value="text" />
			</attributelist>
		</attribute>
		<attribute name="offset" get="1" set="1" type="float" size="1">
			<digest>
				Offset of Channels
			</digest>
			<description>
				Display offset of channels and peak level indicators. the value is in degree, clipped between -180. and 180.
			</description>
			<attributelist>
				<attribute name="default" get="1" set="1" type="float" size="1" value="0" />
				<attribute name="label" get="1" set="1" type="symbol" size="1" value="Offset of Channels" />
				<attribute name="save" get="1" set="1" type="int" size="1" value="1" />
				<attribute name="style" get="1" set="1" type="symbol" size="1" value="text" />
			</attributelist>
		</attribute>
		<attribute name="orientation" get="1" set="1" type="int" size="1">
			<digest>
				Meter Fill Orientation
			</digest>
			<description>
				The filling orientation of the peak level indicators <o>hoa.2d.meter~</o>.
			</description>
			<attributelist>
				<attribute name="default" get="1" set="1" type="int" size="1" value="0" />
				<attribute name="label" get="1" set="1" type="symbol" size="1" value="Meter Fill Orientation" />
				<attribute name="paint" get="1" set="1" type="int" size="1" value="1" />
				<attribute name="save" get="1" set="1" type="int" size="1" value="1" />
				<attribute name="style" get="1" set="1" type="symbol" size="1" value="enumindex" />
			</attributelist>
		</attribute>
		<attribute name="overloadcolor" get="1" set="1" type="" size="1">
			<digest>
				Overload Signal Color
			</digest>
			<description>
				Sets the RGBA values for the LEDs color for the "over" indicator of the <o>hoa.2d.meter~</o> object
			</description>
			<attributelist>
				<attribute name="category" get="1" set="1" type="symbol" size="1" value="Color" />
				<attribute name="default" get="1" set="1" type="" size="1" value="1. 0. 0. 0.8" />
				<attribute name="label" get="1" set="1" type="symbol" size="1" value="Overload Signal Color" />
				<attribute name="paint" get="1" set="1" type="int" size="1" value="1" />
				<attribute name="save" get="1" set="1" type="int" size="1" value="1" />
				<attribute name="style" get="1" set="1" type="symbol" size="1" value="rgba" />
			</attributelist>
		</attribute>
		<attribute name="patching_rect" get="1" set="1" type="" size="1">
			<digest>
				
			</digest>
			<description>
			</description>
			<attributelist>
				<attribute name="default" get="1" set="1" type="" size="1" value="0 0 150 150" />
				<attribute name="style" get="1" set="1" type="symbol" size="1" value="text" />
			</attributelist>
		</attribute>
		<attribute name="rotation" get="1" set="1" type="int" size="1">
			<digest>
				Rotation of Channels
			</digest>
			<description>
				The rotation can either be <b>clockwise</b> or <b>anti-clockwise</b>
			</description>
			<attributelist>
				<attribute name="default" get="1" set="1" type="int" size="1" value="1" />
				<attribute name="label" get="1" set="1" type="symbol" size="1" value="Rotation of Channels" />
				<attribute name="paint" get="1" set="1" type="int" size="1" value="1" />
				<attribute name="save" get="1" set="1" type="int" size="1" value="1" />
				<attribute name="style" get="1" set="1" type="symbol" size="1" value="enumindex" />
			</attributelist>
		</attribute>
		<attribute name="tepidcolor" get="1" set="1" type="" size="1">
			<digest>
				Tepid Signal Color
			</digest>
			<description>
				Sets the RGBA values for the LEDs color for the lower-middle "tepid" range of the <o>hoa.2d.meter~</o> object
			</description>
			<attributelist>
				<attribute name="category" get="1" set="1" type="symbol" size="1" value="Color" />
				<attribute name="default" get="1" set="1" type="" size="1" value="0.6 0.73 0. 0.8" />
				<attribute name="label" get="1" set="1" type="symbol" size="1" value="Tepid Signal Color" />
				<attribute name="paint" get="1" set="1" type="int" size="1" value="1" />
				<attribute name="save" get="1" set="1" type="int" size="1" value="1" />
				<attribute name="style" get="1" set="1" type="symbol" size="1" value="rgba" />
			</attributelist>
		</attribute>
		<attribute name="vectors" get="1" set="1" type="int" size="1">
			<digest>
				Draw Vectors
			</digest>
			<description>
				The vector(s) to draw.
			</description>
			<attributelist>
				<attribute name="default" get="1" set="1" type="int" size="1" value="1" />
				<attribute name="label" get="1" set="1" type="symbol" size="1" value="Draw Vectors" />
				<attribute name="save" get="1" set="1" type="int" size="1" value="1" />
				<attribute name="style" get="1" set="1" type="symbol" size="1" value="enumindex" />
			</attributelist>
		</attribute>
		<attribute name="velocitycolor" get="1" set="1" type="" size="1">
			<digest>
				Velocity Vector Color
			</digest>
			<description>
				Sets the RGBA values for the velocity vector color of the <o>hoa.2d.meter~</o> object
			</description>
			<attributelist>
				<attribute name="category" get="1" set="1" type="symbol" size="1" value="Color" />
				<attribute name="default" get="1" set="1" type="" size="1" value="1. 0. 0. 0.8" />
				<attribute name="label" get="1" set="1" type="symbol" size="1" value="Velocity Vector Color" />
				<attribute name="paint" get="1" set="1" type="int" size="1" value="1" />
				<attribute name="save" get="1" set="1" type="int" size="1" value="1" />
				<attribute name="style" get="1" set="1" type="symbol" size="1" value="rgba" />
			</attributelist>
		</attribute>
		<attribute name="warmcolor" get="1" set="1" type="" size="1">
			<digest>
				Warm Signal Color
			</digest>
			<description>
				Sets the RGBA values for the LEDs color for upper-middle "warm" range of the <o>hoa.2d.meter~</o> object
			</description>
			<attributelist>
				<attribute name="category" get="1" set="1" type="symbol" size="1" value="Color" />
				<attribute name="default" get="1" set="1" type="" size="1" value=".85 .85 0. 0.8" />
				<attribute name="label" get="1" set="1" type="symbol" size="1" value="Warm Signal Color" />
				<attribute name="paint" get="1" set="1" type="int" size="1" value="1" />
				<attribute name="save" get="1" set="1" type="int" size="1" value="1" />
				<attribute name="style" get="1" set="1" type="symbol" size="1" value="rgba" />
			</attributelist>
		</attribute>
	</attributelist>

	<!--EXAMPLE-->
	<examplelist>
		<example img="hoa.2d.meter~.png" caption="the hoa.2d.meter~ GUI object" />
	</examplelist>

	<!--DISCUSSION-->
	<discussion>
		The <o>hoa.2d.meter~</o> object displays the peak levels for a circular array of loudspeakers. It computes and displays the energy and velocity vectors.
	</discussion>

	<!--SEEALSO-->
	<seealsolist>
		<seealso name="meter~" />
		<seealso name="live.gain~" />
		<seealso name="hoa.gain~" />
		<seealso name="hoa.2d.scope~" />
		<seealso name="hoa.2d.map" />
		<seealso name="hoa.2d.space" />
		<seealso name="hoa.2d.recomposer" />
		<seealso name="hoa.2d.encoder~" />
		<seealso name="hoa.2d.decoder~" />
	</seealsolist>

	<misc name = "Discussion">
		<entry name ="More details">
			<description>
		The <o>hoa.2d.meter~</o> object displays the peak levels for a circular array of loudspeakers. It computes and displays the energy and velocity vectors.
			</description>
		</entry>
		<entry name ="Keywords">
			<description>
			</description>
		</entry>
	</misc>

</c74object>