<?xml version="1.0" encoding="utf-8" standalone="yes"?>
<?xml-stylesheet href="./_c74_ref.xsl" type="text/xsl"?>

<!--This file has been automatically generated by Doctor Max. DO NOT EDIT THIS FILE DIRECTLY.-->

<c74object name="hoa.2d.recomposer" module="hoa">

	<digest>
		A Graphical User Interface to manipulate 2d plane waves.
	</digest>

	<description>
		<o>hoa.2d.recomposer</o> helps you to set angle and widening value of channels to warp the sound field. It is mainly dedicated to the control of the <o>hoa.2d.recomposer~</o> processor object.
	</description>

	<!--METADATA-->
	<metadatalist>
		<metadata name="author">Julien Colafrancesco, Pierre Guillot, Eliott Paris.</metadata>
		<metadata name="tag">2d</metadata>
		<metadata name="tag">Ambisonics</metadata>
		<metadata name="tag">Planewaves</metadata>
		<metadata name="tag">GUI</metadata>
	</metadatalist>

	<!--ARGUMENTS-->
	<objarglist>
	</objarglist>

	<!--MESSAGES-->
	<methodlist>
		<method name="(mouse)">
			<arglist />
			<digest>
				Click and drag to change angles and widening values of the channels.
			</digest>
			<description>
				Click and drag the channel points select them and to set their angles and widening values.
				<ul>
				<li> <b>drag</b> to move selected channels angles</li>
				<li> <b>shift+drag</b> to change selected channels' widening value </li>
				<li> <b>cmd+a</b> to select All (<b>ctrl+a</b> for win)</li>
				<li> <b>cmd+drag</b> to do a rectangular selection (<b>ctrl+drag</b> for win)</li>
				<li> <b>cmd+click</b> on a channel to change this channel selection state (<b>cmd+click</b> for win)</li>
				<li> <b>ctrl+move</b> to have a preview of the fisheye effect (<b>alt+move</b> for win).</li>
				<li> <b>ctrl+click</b> lock fisheye start and destination angles value for the selected channels (<b>alt+click</b> for win).</li>
				<li> <b>ctrl+drag</b> apply a "fisheye effect" to the selected channels (drag from/to fisheye point from/to center of the circle) (<b>alt+drag</b> for win)</li>
				<li> double-click on a channel to set it to the closest default channel angle.</li>
				<li> Press <b>cmd</b> key when you drag to activate magnetism on the currently dragged channel</li>
				</ul>
			</description>
		</method>
		<method name="angles">
			<arg name="channel-index/list" optional="0" type="int/list" />
			<arg name="value" optional="0" type="float" />
			<digest>
				Set angle value for one or more channels and trigger output.
			</digest>
			<description>
				The word <m>angles</m> followed by an index and a float set a specific channel angle.
				The word <m>angles</m> followed by a list of float set several channel angles.
			</description>
		</method>
		<method name="bang">
			<arglist />
			<digest>
				Output current values.
			</digest>
			<description>
				The <m>bang</m> message report current values.
			</description>
		</method>
		<method name="reset">
			<arg name="wide/angles" optional="1" type="symbol" />
			<arg name="channel-index" optional="1" type="list" />
			<digest>
				Reset angle and widening value of one or more channels and trigger output.
			</digest>
			<description>
				Without argument, the word <m>reset</m> will reset all of the angles and widening values of channels to default.
				The word <m>reset</m> followed by the symbol <m>wide</m> will reset all widening value to 1. To reset specific channels widening values pass their index as a list of int as second argument.
				The word <m>reset</m> followed by the symbol <m>angle</m> will reset all angles to default. To reset specific channels angles pass their index as a list of int as second argument.
			</description>
		</method>
		<method name="set">
			<arg name="wide/angles" optional="0" type="symbol" />
			<arg name="channel-index" optional="0" type="int" />
			<arg name="value" optional="0" type="float" />
			<digest>
				Set angle or widening value for one or more channels without output.
			</digest>
			<description>
				The word <m>set</m> followed by the symbol <b>wide</b> sets the widening value.
				The word <m>set</m> followed by the symbol <b>angles</b> sets angles values.
				Second argument is the index of the channel. Pass 0 if you want to set all of the channels.
				last argument is the value. <b>angles</b> are in radian, wrapped between 0. and 2π. <b>wide</b> is clipped between 0. and 1.
			</description>
		</method>
		<method name="wide">
			<arg name="channel-index/list" optional="0" type="int/list" />
			<arg name="value" optional="0" type="float" />
			<digest>
				Set widening value for one or more channels and trigger output.
			</digest>
			<description>
				The word <m>wide</m> followed by an index and a float set a specific channel widening value. Pass 0 to set all widening values.
				The word <m>wide</m> followed by a list of float set widening value for a list of channel.
			</description>
		</method>
	</methodlist>

	<!--ATTRIBUTES-->
	<attributelist>
		<attribute name="bgcolor" get="1" set="1" type="" size="1">
			<digest>
				Background Color
			</digest>
			<description>
				Sets the RGBA values for the background color of the <o>hoa.2d.recomposer</o> object
			</description>
			<attributelist>
				<attribute name="default" get="1" set="1" type="" size="1" value="0.760784 0.760784 0.760784 1.0" />
				<attribute name="label" get="1" set="1" type="symbol" size="1" value="Background Color" />
				<attribute name="paint" get="1" set="1" type="int" size="1" value="1" />
				<attribute name="save" get="1" set="1" type="int" size="1" value="1" />
				<attribute name="style" get="1" set="1" type="symbol" size="1" value="rgba" />
			</attributelist>
		</attribute>
		<attribute name="chacolor" get="1" set="1" type="" size="1">
			<digest>
				Channels Color
			</digest>
			<description>
				Sets the RGBA values for the channel point color of the <o>hoa.2d.recomposer</o> object
			</description>
			<attributelist>
				<attribute name="default" get="1" set="1" type="" size="1" value="0.396078 0.396078 0.396078 0.2" />
				<attribute name="label" get="1" set="1" type="symbol" size="1" value="Channels Color" />
				<attribute name="paint" get="1" set="1" type="int" size="1" value="1" />
				<attribute name="save" get="1" set="1" type="int" size="1" value="1" />
				<attribute name="style" get="1" set="1" type="symbol" size="1" value="rgba" />
			</attributelist>
		</attribute>
		<attribute name="channels" get="1" set="1" type="int" size="1">
			<digest>
				Number of Channels
			</digest>
			<description>
				Sets the number of channels.
			</description>
			<attributelist>
				<attribute name="category" get="1" set="1" type="symbol" size="1" value="Custom" />
				<attribute name="default" get="1" set="1" type="int" size="1" value="8" />
				<attribute name="label" get="1" set="1" type="symbol" size="1" value="Number of Channels" />
				<attribute name="paint" get="1" set="1" type="int" size="1" value="1" />
				<attribute name="save" get="1" set="1" type="int" size="1" value="1" />
				<attribute name="style" get="1" set="1" type="symbol" size="1" value="text" />
			</attributelist>
		</attribute>
		<attribute name="channelshapecolor" get="1" set="1" type="" size="1">
			<digest>
				Channel Shape color
			</digest>
			<description>
				Sets the RGBA values for the channel shape color of the <o>hoa.2d.recomposer</o> object
			</description>
			<attributelist>
				<attribute name="default" get="1" set="1" type="" size="1" value="0.4 0.4 0.4 0.3" />
				<attribute name="label" get="1" set="1" type="symbol" size="1" value="Channel Shape color" />
				<attribute name="paint" get="1" set="1" type="int" size="1" value="1" />
				<attribute name="save" get="1" set="1" type="int" size="1" value="1" />
				<attribute name="style" get="1" set="1" type="symbol" size="1" value="rgba" />
			</attributelist>
		</attribute>
		<attribute name="channeltextcolor" get="1" set="1" type="" size="1">
			<digest>
				Channels text color
			</digest>
			<description>
				Sets the RGBA values for the channel text color of the <o>hoa.2d.recomposer</o> object
			</description>
			<attributelist>
				<attribute name="default" get="1" set="1" type="" size="1" value="0.9 0.9 0.9 1." />
				<attribute name="label" get="1" set="1" type="symbol" size="1" value="Channels text color" />
				<attribute name="paint" get="1" set="1" type="int" size="1" value="1" />
				<attribute name="save" get="1" set="1" type="int" size="1" value="1" />
				<attribute name="style" get="1" set="1" type="symbol" size="1" value="rgba" />
			</attributelist>
		</attribute>
		<attribute name="circlecolor" get="1" set="1" type="" size="1">
			<digest>
				Circle Inner Color
			</digest>
			<description>
				Sets the RGBA values for the inner circle color of the <o>hoa.2d.recomposer</o> object
			</description>
			<attributelist>
				<attribute name="default" get="1" set="1" type="" size="1" value="0.396078 0.396078 0.396078 0.2" />
				<attribute name="label" get="1" set="1" type="symbol" size="1" value="Circle Inner Color" />
				<attribute name="paint" get="1" set="1" type="int" size="1" value="1" />
				<attribute name="save" get="1" set="1" type="int" size="1" value="1" />
				<attribute name="style" get="1" set="1" type="symbol" size="1" value="rgba" />
			</attributelist>
		</attribute>
		<attribute name="color" get="1" set="1" type="" size="1">
			<digest>
				
			</digest>
			<description>
			</description>
			<attributelist>
				<attribute name="style" get="1" set="1" type="symbol" size="1" value="text" />
			</attributelist>
		</attribute>
		<attribute name="fisheyecolor" get="1" set="1" type="" size="1">
			<digest>
				FishEye color
			</digest>
			<description>
				Sets the RGBA values for the fisheye color of the <o>hoa.2d.recomposer</o> object
			</description>
			<attributelist>
				<attribute name="default" get="1" set="1" type="" size="1" value="0.69 0.18 0.18 1." />
				<attribute name="label" get="1" set="1" type="symbol" size="1" value="FishEye color" />
				<attribute name="paint" get="1" set="1" type="int" size="1" value="1" />
				<attribute name="save" get="1" set="1" type="int" size="1" value="1" />
				<attribute name="style" get="1" set="1" type="symbol" size="1" value="rgba" />
			</attributelist>
		</attribute>
		<attribute name="patching_rect" get="1" set="1" type="" size="1">
			<digest>
				
			</digest>
			<description>
			</description>
			<attributelist>
				<attribute name="default" get="1" set="1" type="" size="1" value="0 0 150 150" />
				<attribute name="style" get="1" set="1" type="symbol" size="1" value="text" />
			</attributelist>
		</attribute>
		<attribute name="rectselectcolor" get="1" set="1" type="" size="1">
			<digest>
				Rect Selection color
			</digest>
			<description>
				Sets the RGBA values for the rectangular selection color of the <o>hoa.2d.recomposer</o> object
			</description>
			<attributelist>
				<attribute name="default" get="1" set="1" type="" size="1" value="0.39 0.52 0.8 1." />
				<attribute name="label" get="1" set="1" type="symbol" size="1" value="Rect Selection color" />
				<attribute name="paint" get="1" set="1" type="int" size="1" value="1" />
				<attribute name="save" get="1" set="1" type="int" size="1" value="1" />
				<attribute name="style" get="1" set="1" type="symbol" size="1" value="rgba" />
			</attributelist>
		</attribute>
		<attribute name="selchacolor" get="1" set="1" type="" size="1">
			<digest>
				Selected Channel Color
			</digest>
			<description>
				Sets the RGBA values for the selected channel point color of the <o>hoa.2d.recomposer</o> object
			</description>
			<attributelist>
				<attribute name="default" get="1" set="1" type="" size="1" value="0.86 0.86 0.86 1." />
				<attribute name="label" get="1" set="1" type="symbol" size="1" value="Selected Channel Color" />
				<attribute name="paint" get="1" set="1" type="int" size="1" value="1" />
				<attribute name="save" get="1" set="1" type="int" size="1" value="1" />
				<attribute name="style" get="1" set="1" type="symbol" size="1" value="rgba" />
			</attributelist>
		</attribute>
		<attribute name="selchannelshapecolor" get="1" set="1" type="" size="1">
			<digest>
				Channel Shape color
			</digest>
			<description>
				Sets the RGBA values for the selected channel shape color of the <o>hoa.2d.recomposer</o> object
			</description>
			<attributelist>
				<attribute name="default" get="1" set="1" type="" size="1" value="0.4 0.4 0.8 0.3" />
				<attribute name="label" get="1" set="1" type="symbol" size="1" value="Channel Shape color" />
				<attribute name="paint" get="1" set="1" type="int" size="1" value="1" />
				<attribute name="save" get="1" set="1" type="int" size="1" value="1" />
				<attribute name="style" get="1" set="1" type="symbol" size="1" value="rgba" />
			</attributelist>
		</attribute>
		<attribute name="selchanneltextcolor" get="1" set="1" type="" size="1">
			<digest>
				Selected Channels text color
			</digest>
			<description>
				Sets the RGBA values for the selected channel text color of the <o>hoa.2d.recomposer</o> object
			</description>
			<attributelist>
				<attribute name="default" get="1" set="1" type="" size="1" value="0.4 0.4 0.4 1." />
				<attribute name="label" get="1" set="1" type="symbol" size="1" value="Selected Channels text color" />
				<attribute name="paint" get="1" set="1" type="int" size="1" value="1" />
				<attribute name="save" get="1" set="1" type="int" size="1" value="1" />
				<attribute name="style" get="1" set="1" type="symbol" size="1" value="rgba" />
			</attributelist>
		</attribute>
		<attribute name="textcolor" get="1" set="1" type="" size="1">
			<digest>
				
			</digest>
			<description>
			</description>
			<attributelist>
				<attribute name="style" get="1" set="1" type="symbol" size="1" value="text" />
			</attributelist>
		</attribute>
	</attributelist>

	<!--EXAMPLE-->
	<examplelist>
		<example img="hoa.2d.recomposer.png" caption="the hoa.2d.recomposer GUI object" />
	</examplelist>

	<!--DISCUSSION-->
	<discussion>
		<o>hoa.2d.recomposer</o> helps you to set angle and widening value of channels to warp the sound field. It is mainly dedicated to the control of the <o>hoa.2d.recomposer~</o> processor object.
	</discussion>

	<!--SEEALSO-->
	<seealsolist>
		<seealso name="hoa.2d.projector~" />
		<seealso name="hoa.2d.recomposer~" />
		<seealso name="hoa.2d.process~" />
		<seealso name="hoa.fx.gain~" />
		<seealso name="hoa.fx.delay~" />
		<seealso name="hoa.gain~" />
		<seealso name="hoa.2d.meter~" />
		<seealso name="hoa.2d.map" />
		<seealso name="hoa.2d.decoder~" />
		<seealso name="hoa.2d.encoder~" />
		<seealso name="hoa.2d.wider~" />
	</seealsolist>

	<misc name = "Discussion">
		<entry name ="More details">
			<description>
		<o>hoa.2d.recomposer</o> helps you to set angle and widening value of channels to warp the sound field. It is mainly dedicated to the control of the <o>hoa.2d.recomposer~</o> processor object.
			</description>
		</entry>
		<entry name ="Keywords">
			<description>
			</description>
		</entry>
	</misc>

</c74object>