<?xml version="1.0" encoding="utf-8" standalone="yes"?>
<?xml-stylesheet href="./_c74_ref.xsl" type="text/xsl"?>

<!--This file has been automatically generated by Doctor Max. DO NOT EDIT THIS FILE DIRECTLY.-->

<c74object name="hoa.gain~" module="hoa">

	<digest>
		A multichannel gain~ object.
	</digest>

	<description>
		<o>hoa.gain~</o> is a multichannel exponential scaling volume slider. hoa.gain~ is a slider that scales signals. it can also make a smooth transition as you move from one value of the slider to the next.
	</description>

	<!--METADATA-->
	<metadatalist>
		<metadata name="author">Julien Colafrancesco, Pierre Guillot, Eliott Paris.</metadata>
		<metadata name="tag">Utility</metadata>
		<metadata name="tag">MSP</metadata>
		<metadata name="tag">GUI</metadata>
	</metadatalist>

	<!--INLETS-->
	<inletlist>
		<inlet id="0" type="INLET_TYPE">
			<digest>
				input signals to be scaled.
			</digest>
			<description>
			</description>
		</inlet>
		<inlet id="1" type="INLET_TYPE">
			<digest>
				slider value.
			</digest>
			<description>
			</description>
		</inlet>
	</inletlist>

	<!--OUTLETS-->
	<outletlist>
		<outlet id="0" type="INLET_TYPE">
			<digest>
				output corresponding input scaled signal.
			</digest>
			<description>
			</description>
		</outlet>
		<outlet id="1" type="INLET_TYPE">
			<digest>
				output slider value.
			</digest>
			<description>
			</description>
		</outlet>
	</outletlist>

	<!--ARGUMENTS-->
	<objarglist>
	</objarglist>

	<!--MESSAGES-->
	<methodlist>
		<method name="(mouse)">
			<arglist />
			<digest>
				click and drag to set the slider outlet.
			</digest>
			<description>
				Clicking and dragging with the mouse sets the value of the slider, ramps the output signal to the level corresponding to the new value over the specified ramp time, and outputs the slider’s value out the right outlet. double-click to set the slider value to <m>defvaldb</m>
			</description>
		</method>
		<method name="bang">
			<arglist />
			<digest>
				Send current value out right outlet.
			</digest>
			<description>
				The <m>bang</m> message send current value out right outlet.
			</description>
		</method>
		<method name="contextvalue">
			<arg name="inputmode" optional="0" type="int" />
			<arg name="value" optional="0" type="float" />
			<digest>
				Set the value of the slider with DeciBels, Amplitude or MIDI value type.
			</digest>
			<description>
				Set the value of the slider with DeciBels, Amplitude or MIDI value type.
			</description>
		</method>
		<method name="float">
			<arg name="value" optional="0" type="int" />
			<digest>
				Set the value of the slider
			</digest>
			<description>
				The <m>float</m> method sets the value of the slider, ramps the output signal to the level corresponding to the new value over the specified ramp time, and outputs the slider's value out the right outlet.
			</description>
		</method>
		<method name="int">
			<arg name="value" optional="0" type="int" />
			<digest>
				Set the value of the slider
			</digest>
			<description>
				The <m>int</m> method sets the value of the slider, ramps the output signal to the level corresponding to the new value over the specified ramp time, and outputs the slider's value out the right outlet.
			</description>
		</method>
		<method name="set">
			<arg name="" optional="0" type="" />
			<arg name="value" optional="0" type="float" />
			<digest>
				Set the value of the slider without outputting slider value.
			</digest>
			<description>
				The word set, followed by a number, sets the value of the slider, ramps the output signal to the level corresponding to the new value over the specified ramp time, but does not output the slider's value out the right outlet.
			</description>
		</method>
		<method name="signal">
			<arglist />
			<digest>
				The inputs signals to be scaled by the slider.
			</digest>
			<description>
				The inputs signals to be scaled by the slider.
			</description>
		</method>
	</methodlist>

	<!--ATTRIBUTES-->
	<attributelist>
		<attribute name="barcolor" get="1" set="1" type="" size="1">
			<digest>
				Value Bar Color
			</digest>
			<description>
				Sets the RGBA values for the value bar color of the <o>hoa.gain~</o> object
			</description>
			<attributelist>
				<attribute name="default" get="1" set="1" type="" size="1" value="0.396078 0.396078 0.396078 0.6" />
				<attribute name="label" get="1" set="1" type="symbol" size="1" value="Value Bar Color" />
				<attribute name="paint" get="1" set="1" type="int" size="1" value="1" />
				<attribute name="save" get="1" set="1" type="int" size="1" value="1" />
				<attribute name="style" get="1" set="1" type="symbol" size="1" value="rgba" />
			</attributelist>
		</attribute>
		<attribute name="bgcolor" get="1" set="1" type="" size="1">
			<digest>
				Background Color
			</digest>
			<description>
				Sets the RGBA values for the background color of the <o>hoa.gain~</o> object
			</description>
			<attributelist>
				<attribute name="default" get="1" set="1" type="" size="1" value="0.611765 0.611765 0.611765 1." />
				<attribute name="label" get="1" set="1" type="symbol" size="1" value="Background Color" />
				<attribute name="style" get="1" set="1" type="symbol" size="1" value="rgba" />
			</attributelist>
		</attribute>
		<attribute name="channels" get="1" set="1" type="int" size="1">
			<digest>
				Number of Channels
			</digest>
			<description>
			</description>
			<attributelist>
				<attribute name="default" get="1" set="1" type="int" size="1" value="8" />
				<attribute name="label" get="1" set="1" type="symbol" size="1" value="Number of Channels" />
				<attribute name="save" get="1" set="1" type="int" size="1" value="1" />
				<attribute name="style" get="1" set="1" type="symbol" size="1" value="text" />
			</attributelist>
		</attribute>
		<attribute name="defvaldb" get="1" set="1" type="float" size="1">
			<digest>
				Default Value (dB)
			</digest>
			<description>
				Default value in <b>DeciBels</b>, <b>Amplitude</b> or <b>Midi</b>
			</description>
			<attributelist>
				<attribute name="default" get="1" set="1" type="float" size="1" value="0" />
				<attribute name="label" get="1" set="1" type="symbol" size="1" value="Default Value (dB)" />
				<attribute name="save" get="1" set="1" type="int" size="1" value="1" />
				<attribute name="style" get="1" set="1" type="symbol" size="1" value="text" />
			</attributelist>
		</attribute>
		<attribute name="floatoutput" get="1" set="1" type="" size="1">
			<digest>
				Float Output
			</digest>
			<description>
			</description>
			<attributelist>
				<attribute name="label" get="1" set="1" type="symbol" size="1" value="Float Output" />
				<attribute name="style" get="1" set="1" type="symbol" size="1" value="onoff" />
			</attributelist>
		</attribute>
		<attribute name="inputmode" get="1" set="1" type="int" size="1">
			<digest>
				Input Mode
			</digest>
			<description>
				Input mode can either be in <b>DeciBels</b>, <b>Amplitude</b> or <b>Midi</b>
			</description>
			<attributelist>
				<attribute name="default" get="1" set="1" type="int" size="1" value="0" />
				<attribute name="label" get="1" set="1" type="symbol" size="1" value="Input Mode" />
				<attribute name="save" get="1" set="1" type="int" size="1" value="1" />
				<attribute name="style" get="1" set="1" type="symbol" size="1" value="enumindex" />
			</attributelist>
		</attribute>
		<attribute name="interp" get="1" set="1" type="float" size="1">
			<digest>
				Ramp Time (ms)
			</digest>
			<description>
				Ramp time in milliseconds
			</description>
			<attributelist>
				<attribute name="default" get="1" set="1" type="float" size="1" value="20" />
				<attribute name="label" get="1" set="1" type="symbol" size="1" value="Ramp Time (ms)" />
				<attribute name="save" get="1" set="1" type="int" size="1" value="1" />
				<attribute name="style" get="1" set="1" type="symbol" size="1" value="text" />
			</attributelist>
		</attribute>
		<attribute name="knobcolor" get="1" set="1" type="" size="1">
			<digest>
				Knob Color
			</digest>
			<description>
				Sets the RGBA values for the knob color of the <o>hoa.gain~</o> object
			</description>
			<attributelist>
				<attribute name="default" get="1" set="1" type="" size="1" value="0.396078 0.396078 0.396078 1." />
				<attribute name="label" get="1" set="1" type="symbol" size="1" value="Knob Color" />
				<attribute name="paint" get="1" set="1" type="int" size="1" value="1" />
				<attribute name="save" get="1" set="1" type="int" size="1" value="1" />
				<attribute name="style" get="1" set="1" type="symbol" size="1" value="rgba" />
			</attributelist>
		</attribute>
		<attribute name="min" get="1" set="1" type="" size="1">
			<digest>
				Output Minimum
			</digest>
			<description>
			</description>
			<attributelist>
				<attribute name="label" get="1" set="1" type="symbol" size="1" value="Output Minimum" />
				<attribute name="style" get="1" set="1" type="symbol" size="1" value="text" />
			</attributelist>
		</attribute>
		<attribute name="mult" get="1" set="1" type="" size="1">
			<digest>
				Output Multiplier
			</digest>
			<description>
			</description>
			<attributelist>
				<attribute name="label" get="1" set="1" type="symbol" size="1" value="Output Multiplier" />
				<attribute name="style" get="1" set="1" type="symbol" size="1" value="text" />
			</attributelist>
		</attribute>
		<attribute name="orientation" get="1" set="1" type="int" size="1">
			<digest>
				Orientation
			</digest>
			<description>
				Orientation can either be in <b>Automatic</b>, <b>Horizontal</b> or <b>Vertical</b>
			</description>
			<attributelist>
				<attribute name="category" get="1" set="1" type="symbol" size="1" value="Appearance" />
				<attribute name="default" get="1" set="1" type="int" size="1" value="0" />
				<attribute name="label" get="1" set="1" type="symbol" size="1" value="Orientation" />
				<attribute name="paint" get="1" set="1" type="int" size="1" value="1" />
				<attribute name="save" get="1" set="1" type="int" size="1" value="1" />
				<attribute name="style" get="1" set="1" type="symbol" size="1" value="enumindex" />
			</attributelist>
		</attribute>
		<attribute name="patching_rect" get="1" set="1" type="" size="1">
			<digest>
				
			</digest>
			<description>
			</description>
			<attributelist>
				<attribute name="default" get="1" set="1" type="" size="1" value="0. 0. 140. 22." />
				<attribute name="style" get="1" set="1" type="symbol" size="1" value="text" />
			</attributelist>
		</attribute>
		<attribute name="range" get="1" set="1" type="float" size="1">
			<digest>
				Range (dB)
			</digest>
			<description>
			</description>
			<attributelist>
				<attribute name="default" get="1" set="1" type="float" size="1" value="-70. 18." />
				<attribute name="label" get="1" set="1" type="symbol" size="1" value="Range (dB)" />
				<attribute name="save" get="1" set="1" type="int" size="1" value="1" />
				<attribute name="style" get="1" set="1" type="symbol" size="1" value="text" />
			</attributelist>
		</attribute>
		<attribute name="relative" get="1" set="1" type="int" size="1">
			<digest>
				Mousing Mode
			</digest>
			<description>
				Mousing can either be <b>absolute</b> or <b>relative</b>
			</description>
			<attributelist>
				<attribute name="default" get="1" set="1" type="int" size="1" value="0" />
				<attribute name="label" get="1" set="1" type="symbol" size="1" value="Mousing Mode" />
				<attribute name="save" get="1" set="1" type="int" size="1" value="1" />
				<attribute name="style" get="1" set="1" type="symbol" size="1" value="enumindex" />
			</attributelist>
		</attribute>
		<attribute name="size" get="1" set="1" type="" size="1">
			<digest>
				
			</digest>
			<description>
			</description>
			<attributelist>
				<attribute name="style" get="1" set="1" type="symbol" size="1" value="text" />
			</attributelist>
		</attribute>
	</attributelist>

	<!--EXAMPLE-->
	<examplelist>
		<example img="hoa.gain~.png" caption="the hoa.gain~ GUI object" />
	</examplelist>

	<!--DISCUSSION-->
	<discussion>
		<o>hoa.gain~</o> is a multichannel exponential scaling volume slider. hoa.gain~ is a slider that scales signals. it can also make a smooth transition as you move from one value of the slider to the next.
	</discussion>

	<!--SEEALSO-->
	<seealsolist>
		<seealso name="gain~" />
		<seealso name="hoa.process~" />
		<seealso name="hoa.fx.gain~" />
	</seealsolist>

	<misc name = "Input">
		<entry name ="Inlets 1, 2, 3... (signal)">
			<description>
				input signals to be scaled..
			</description>
		</entry>
		<entry name ="The last Inlet (float)">
			<description>
				slider value..
			</description>
		</entry>
	</misc>

	<misc name = "Output">
		<entry name ="Outlets 1, 2, 3... (signal)">
			<description>
				output corresponding input scaled signal..
			</description>
		</entry>
		<entry name ="The last Outlet (float)">
			<description>
				output slider value..
			</description>
		</entry>
	</misc>

	<misc name = "Discussion">
		<entry name ="More details">
			<description>
		<o>hoa.gain~</o> is a multichannel exponential scaling volume slider. hoa.gain~ is a slider that scales signals. it can also make a smooth transition as you move from one value of the slider to the next.
			</description>
		</entry>
		<entry name ="Keywords">
			<description>
			</description>
		</entry>
	</misc>

</c74object>