<?xml version="1.0" encoding="utf-8" standalone="yes"?>
<?xml-stylesheet href="./_c74_ref.xsl" type="text/xsl"?>

<!--This file has been automatically generated by Doctor Max. DO NOT EDIT THIS FILE DIRECTLY.-->

<c74object name="hoa.fx.mirror~" module="hoa">

	<digest>
		An ambisonic sound field mirror processor.
	</digest>

	<description>
		<o>hoa.fx.mirror~</o> applies a weight on the negatives harmonics to create the mirror image of a sound field to itself.
		This patcher requires to be loaded by a <o>hoa.process~</o> object to work.
	</description>

	<!--METADATA-->
	<metadatalist>
		<metadata name="author">Julien Colafrancesco, Pierre Guillot, Eliott Paris.</metadata>
		<metadata name="tag">Process</metadata>
		<metadata name="tag">MSP</metadata>
		<metadata name="tag">abstraction</metadata>
	</metadatalist>

	<!--ARGUMENTS-->
	<objarglist>
	</objarglist>

	<!--MESSAGES-->
	<methodlist>
	</methodlist>

	<!--ATTRIBUTES-->
	<attributelist>
	</attributelist>

	<!--DISCUSSION-->
	<discussion>
		<o>hoa.fx.mirror~</o> applies a weight on the negatives harmonics to create the mirror image of a sound field to itself.
		This patcher requires to be loaded by a <o>hoa.process~</o> object to work.
	</discussion>

	<!--SEEALSO-->
	<seealsolist>
		<seealso name="hoa.process~" />
		<seealso name="hoa.fx.decorrelation~" />
		<seealso name="hoa.fx.delay~" />
		<seealso name="hoa.fx.gain~" />
		<seealso name="hoa.fx.grain~" />
		<seealso name="hoa.fx.mixer~" />
		<seealso name="hoa.fx.ringmod~" />
	</seealsolist>

	<misc name = "Discussion">
		<entry name ="More details">
			<description>
		<o>hoa.fx.mirror~</o> applies a weight on the negatives harmonics to create the mirror image of a sound field to itself.
		This patcher requires to be loaded by a <o>hoa.process~</o> object to work.
			</description>
		</entry>
		<entry name ="Keywords">
			<description>
			</description>
		</entry>
	</misc>

</c74object>