<?xml version="1.0" encoding="utf-8" standalone="yes"?>
<?xml-stylesheet href="./_c74_ref.xsl" type="text/xsl"?>

<!--This file has been automatically generated by Doctor Max. DO NOT EDIT THIS FILE DIRECTLY.-->

<c74object name="hoa.2d.space" module="hoa">

	<digest>
		A graphic user interface to design plane waves
	</digest>

	<description>
		<o>hoa.2d.space</o> is a circular array of slider allowing you to draw and set channel dependant coefficients that can transform your soundfields mainly in the plane wave domain.
	</description>

	<!--METADATA-->
	<metadatalist>
		<metadata name="author">Julien Colafrancesco, Pierre Guillot, Eliott Paris.</metadata>
		<metadata name="tag">2d</metadata>
		<metadata name="tag">Planewaves</metadata>
		<metadata name="tag">GUI</metadata>
	</metadatalist>

	<!--ARGUMENTS-->
	<objarglist>
	</objarglist>

	<!--MESSAGES-->
	<methodlist>
		<method name="(mouse)">
			<arglist />
			<digest>
				Click and drag to change slider values.
			</digest>
			<description>
				Click and drag the sliders to set their value.
				Press <b>ctrl</b> key while you drag to make a rotation of the slider values.
				Press <b>shift</b> key while you drag to relatively increase or decrease all of the slider values.
			</description>
		</method>
		<method name="bang">
			<arglist />
			<digest>
				Output current values.
			</digest>
			<description>
				The <m>bang</m> message report current values.
			</description>
		</method>
		<method name="list">
			<arglist />
			<digest>
				set slider values.
			</digest>
			<description>
				Sets slider values with a <m>list</m>.
				Set all the coefficients with a list of float. Set one coefficient with an index and a float.
			</description>
		</method>
	</methodlist>

	<!--ATTRIBUTES-->
	<attributelist>
		<attribute name="bgcolor" get="1" set="1" type="" size="1">
			<digest>
				Background Color
			</digest>
			<description>
				Sets the RGBA values for the background color of the <o>hoa.2d.space</o> object
			</description>
			<attributelist>
				<attribute name="default" get="1" set="1" type="" size="1" value="0.76 0.76 0.76 1." />
				<attribute name="label" get="1" set="1" type="symbol" size="1" value="Background Color" />
				<attribute name="paint" get="1" set="1" type="int" size="1" value="1" />
				<attribute name="save" get="1" set="1" type="int" size="1" value="1" />
				<attribute name="style" get="1" set="1" type="symbol" size="1" value="rgba" />
			</attributelist>
		</attribute>
		<attribute name="channels" get="1" set="1" type="int" size="1">
			<digest>
				Number of Channels
			</digest>
			<description>
				The number of channels.
			</description>
			<attributelist>
				<attribute name="default" get="1" set="1" type="int" size="1" value="4" />
				<attribute name="label" get="1" set="1" type="symbol" size="1" value="Number of Channels" />
				<attribute name="paint" get="1" set="1" type="int" size="1" value="1" />
				<attribute name="save" get="1" set="1" type="int" size="1" value="1" />
				<attribute name="style" get="1" set="1" type="symbol" size="1" value="text" />
			</attributelist>
		</attribute>
		<attribute name="drawvalue" get="1" set="1" type="int" size="1">
			<digest>
				Draw Text Value
			</digest>
			<description>
				When the <m>drawvalue</m> attribute is checked, slider values are posted at the center.
			</description>
			<attributelist>
				<attribute name="category" get="1" set="1" type="symbol" size="1" value="Style" />
				<attribute name="default" get="1" set="1" type="int" size="1" value="0" />
				<attribute name="label" get="1" set="1" type="symbol" size="1" value="Draw Text Value" />
				<attribute name="paint" get="1" set="1" type="int" size="1" value="1" />
				<attribute name="save" get="1" set="1" type="int" size="1" value="1" />
				<attribute name="style" get="1" set="1" type="symbol" size="1" value="onoff" />
			</attributelist>
		</attribute>
		<attribute name="floatoutput" get="1" set="1" type="int" size="1">
			<digest>
				Float Output
			</digest>
			<description>
				The <m>floatoutput</m> attribute set the <o>hoa.2d.space</o> output type. If it is checked, sliders value are sent as floating-pont values, otherwise it will round slider values and send it as integers.
			</description>
			<attributelist>
				<attribute name="default" get="1" set="1" type="int" size="1" value="1" />
				<attribute name="label" get="1" set="1" type="symbol" size="1" value="Float Output" />
				<attribute name="paint" get="1" set="1" type="int" size="1" value="1" />
				<attribute name="save" get="1" set="1" type="int" size="1" value="1" />
				<attribute name="style" get="1" set="1" type="symbol" size="1" value="onoff" />
			</attributelist>
		</attribute>
		<attribute name="grid" get="1" set="1" type="int" size="1">
			<digest>
				Grid Size
			</digest>
			<description>
				Set the grid size
			</description>
			<attributelist>
				<attribute name="category" get="1" set="1" type="symbol" size="1" value="Value" />
				<attribute name="default" get="1" set="1" type="int" size="1" value="4" />
				<attribute name="label" get="1" set="1" type="symbol" size="1" value="Grid Size" />
				<attribute name="paint" get="1" set="1" type="int" size="1" value="1" />
				<attribute name="save" get="1" set="1" type="int" size="1" value="1" />
				<attribute name="style" get="1" set="1" type="symbol" size="1" value="text" />
			</attributelist>
		</attribute>
		<attribute name="linescolor" get="1" set="1" type="" size="1">
			<digest>
				Lines Color
			</digest>
			<description>
				Sets the RGBA values for the border color of the <o>hoa.2d.space</o> object
			</description>
			<attributelist>
				<attribute name="default" get="1" set="1" type="" size="1" value="0.65098 0.666667 0.662745 1." />
				<attribute name="label" get="1" set="1" type="symbol" size="1" value="Lines Color" />
				<attribute name="paint" get="1" set="1" type="int" size="1" value="1" />
				<attribute name="save" get="1" set="1" type="int" size="1" value="1" />
				<attribute name="style" get="1" set="1" type="symbol" size="1" value="rgba" />
			</attributelist>
		</attribute>
		<attribute name="minmax" get="1" set="1" type="float_array" size="0">
			<digest>
				Range
			</digest>
			<description>
				The minimum and maximum values that the sliders can reach.
			</description>
			<attributelist>
				<attribute name="default" get="1" set="1" type="float_array" size="0" value="0. 1." />
				<attribute name="label" get="1" set="1" type="symbol" size="1" value="Range" />
				<attribute name="paint" get="1" set="1" type="int" size="1" value="1" />
				<attribute name="save" get="1" set="1" type="int" size="1" value="1" />
				<attribute name="style" get="1" set="1" type="symbol" size="1" value="text" />
			</attributelist>
		</attribute>
		<attribute name="ptcolor" get="1" set="1" type="" size="1">
			<digest>
				Channel point Color
			</digest>
			<description>
				Sets the RGBA values for the channel point color of the <o>hoa.2d.space</o> object
			</description>
			<attributelist>
				<attribute name="default" get="1" set="1" type="" size="1" value="0.25 0.25 0.25 1." />
				<attribute name="label" get="1" set="1" type="symbol" size="1" value="Channel point Color" />
				<attribute name="paint" get="1" set="1" type="int" size="1" value="1" />
				<attribute name="save" get="1" set="1" type="int" size="1" value="1" />
				<attribute name="style" get="1" set="1" type="symbol" size="1" value="rgba" />
			</attributelist>
		</attribute>
		<attribute name="save" get="1" set="1" type="int" size="1">
			<digest>
				Save Object State with Patcher
			</digest>
			<description>
				Check this to save object' state with patcher. Warning : if Parameter Mode and Initial are enable, this <m>save</m> method is no longer effective.
			</description>
			<attributelist>
				<attribute name="default" get="1" set="1" type="int" size="1" value="1" />
				<attribute name="label" get="1" set="1" type="symbol" size="1" value="Save Object State with Patcher" />
				<attribute name="paint" get="1" set="1" type="int" size="1" value="1" />
				<attribute name="save" get="1" set="1" type="int" size="1" value="1" />
				<attribute name="style" get="1" set="1" type="symbol" size="1" value="onoff" />
			</attributelist>
		</attribute>
		<attribute name="selcolor" get="1" set="1" type="" size="1">
			<digest>
				Select Color
			</digest>
			<description>
				Sets the RGBA values for the selected slider color of the <o>hoa.2d.space</o> object
			</description>
			<attributelist>
				<attribute name="default" get="1" set="1" type="" size="1" value="1. 0. 0. 0.25" />
				<attribute name="label" get="1" set="1" type="symbol" size="1" value="Select Color" />
				<attribute name="paint" get="1" set="1" type="int" size="1" value="1" />
				<attribute name="save" get="1" set="1" type="int" size="1" value="1" />
				<attribute name="style" get="1" set="1" type="symbol" size="1" value="rgba" />
			</attributelist>
		</attribute>
		<attribute name="sliderstyle" get="1" set="1" type="symbol" size="1">
			<digest>
				Slider Style
			</digest>
			<description>
				Set the sliders style :
				<ul>
				<li>In <b>Blob</b> mode <o>hoa.2d.space</o> will draw slider values as a global shape.</li>
				<li>In <b>Bar</b> mode, each slider is drawn separately as a slider bar.</li>
				</ul>
			</description>
			<attributelist>
				<attribute name="category" get="1" set="1" type="symbol" size="1" value="Style" />
				<attribute name="default" get="1" set="1" type="symbol" size="1" value="Blob" />
				<attribute name="label" get="1" set="1" type="symbol" size="1" value="Slider Style" />
				<attribute name="paint" get="1" set="1" type="int" size="1" value="1" />
				<attribute name="save" get="1" set="1" type="int" size="1" value="1" />
				<attribute name="style" get="1" set="1" type="symbol" size="1" value="text" />
			</attributelist>
		</attribute>
		<attribute name="snaptogrid" get="1" set="1" type="int" size="1">
			<digest>
				Snap to Grid
			</digest>
			<description>
				If the <m>snaptogrid</m> attribute is checked, sliders will snap to the grid.
			</description>
			<attributelist>
				<attribute name="default" get="1" set="1" type="int" size="1" value="0" />
				<attribute name="label" get="1" set="1" type="symbol" size="1" value="Snap to Grid" />
				<attribute name="paint" get="1" set="1" type="int" size="1" value="1" />
				<attribute name="save" get="1" set="1" type="int" size="1" value="1" />
				<attribute name="style" get="1" set="1" type="symbol" size="1" value="onoff" />
			</attributelist>
		</attribute>
		<attribute name="spcolor" get="1" set="1" type="" size="1">
			<digest>
				Space Color
			</digest>
			<description>
				Sets the RGBA values for the space color of the <o>hoa.2d.space</o> object
			</description>
			<attributelist>
				<attribute name="default" get="1" set="1" type="" size="1" value="0. 0. 1. 0.25" />
				<attribute name="label" get="1" set="1" type="symbol" size="1" value="Space Color" />
				<attribute name="paint" get="1" set="1" type="int" size="1" value="1" />
				<attribute name="save" get="1" set="1" type="int" size="1" value="1" />
				<attribute name="style" get="1" set="1" type="symbol" size="1" value="rgba" />
			</attributelist>
		</attribute>
	</attributelist>

	<!--EXAMPLE-->
	<examplelist>
		<example img="hoa.2d.space.png" caption="the hoa.2d.space GUI object" />
	</examplelist>

	<!--DISCUSSION-->
	<discussion>
		<o>hoa.2d.space</o> is a circular array of slider allowing you to draw and set channel dependant coefficients that can transform your soundfields mainly in the plane wave domain.
	</discussion>

	<!--SEEALSO-->
	<seealsolist>
		<seealso name="hoa.2d.process~" />
		<seealso name="hoa.fx.gain~" />
		<seealso name="hoa.fx.delay~" />
		<seealso name="hoa.gain~" />
		<seealso name="hoa.2d.recomposer" />
		<seealso name="hoa.2d.projector~" />
		<seealso name="hoa.2d.recomposer~" />
		<seealso name="hoa.2d.meter~" />
		<seealso name="hoa.2d.map" />
		<seealso name="hoa.2d.decoder~" />
		<seealso name="hoa.2d.encoder~" />
	</seealsolist>

	<misc name = "Discussion">
		<entry name ="More details">
			<description>
		<o>hoa.2d.space</o> is a circular array of slider allowing you to draw and set channel dependant coefficients that can transform your soundfields mainly in the plane wave domain.
			</description>
		</entry>
		<entry name ="Keywords">
			<description>
			</description>
		</entry>
	</misc>

</c74object>