<?xml version="1.0" encoding="utf-8" standalone="yes"?>
<?xml-stylesheet href="./_c74_ref.xsl" type="text/xsl"?>

<!--This file has been automatically generated by Doctor Max. DO NOT EDIT THIS FILE DIRECTLY.-->

<c74object name="hoa.fx.freeverb~" module="hoa">

	<digest>
		A freeverb reverberation for sound fields.
	</digest>

	<description>
		<o>hoa.fx.freeverb~</o> is a multichannel freeverb reverberation diffuser.
		This patcher requires to be loaded by a <o>hoa.process~</o> object to work.
	</description>

	<!--METADATA-->
	<metadatalist>
		<metadata name="author">Julien Colafrancesco, Pierre Guillot, Eliott Paris.</metadata>
		<metadata name="tag">Process</metadata>
		<metadata name="tag">MSP</metadata>
		<metadata name="tag">abstraction</metadata>
	</metadatalist>

	<!--ARGUMENTS-->
	<objarglist>
	</objarglist>

	<!--MESSAGES-->
	<methodlist>
	</methodlist>

	<!--ATTRIBUTES-->
	<attributelist>
		<attribute name="damp" get="1" set="1" type="float" size="1">
			<digest>
				Damp
			</digest>
			<description>
			</description>
			<attributelist>
				<attribute name="default" get="1" set="1" type="float" size="1" value="0.5" />
				<attribute name="label" get="1" set="1" type="symbol" size="1" value="Damp" />
				<attribute name="style" get="1" set="1" type="symbol" size="1" value="text" />
			</attributelist>
		</attribute>
		<attribute name="diff" get="1" set="1" type="float" size="1">
			<digest>
				Diffusion
			</digest>
			<description>
			</description>
			<attributelist>
				<attribute name="default" get="1" set="1" type="float" size="1" value="0.5" />
				<attribute name="label" get="1" set="1" type="symbol" size="1" value="Diffusion" />
				<attribute name="style" get="1" set="1" type="symbol" size="1" value="text" />
			</attributelist>
		</attribute>
		<attribute name="dry" get="1" set="1" type="float" size="1">
			<digest>
				Dry
			</digest>
			<description>
			</description>
			<attributelist>
				<attribute name="default" get="1" set="1" type="float" size="1" value="0.5" />
				<attribute name="label" get="1" set="1" type="symbol" size="1" value="Dry" />
				<attribute name="style" get="1" set="1" type="symbol" size="1" value="text" />
			</attributelist>
		</attribute>
		<attribute name="freeze" get="1" set="1" type="int" size="1">
			<digest>
				Freeze
			</digest>
			<description>
			</description>
			<attributelist>
				<attribute name="default" get="1" set="1" type="int" size="1" value="0" />
				<attribute name="label" get="1" set="1" type="symbol" size="1" value="Freeze" />
				<attribute name="style" get="1" set="1" type="symbol" size="1" value="onoff" />
			</attributelist>
		</attribute>
		<attribute name="size" get="1" set="1" type="float" size="1">
			<digest>
				Size of the room
			</digest>
			<description>
			</description>
			<attributelist>
				<attribute name="default" get="1" set="1" type="float" size="1" value="0.5" />
				<attribute name="label" get="1" set="1" type="symbol" size="1" value="Size of the room" />
				<attribute name="style" get="1" set="1" type="symbol" size="1" value="text" />
			</attributelist>
		</attribute>
		<attribute name="wet" get="1" set="1" type="float" size="1">
			<digest>
				Wet
			</digest>
			<description>
			</description>
			<attributelist>
				<attribute name="default" get="1" set="1" type="float" size="1" value="0.5" />
				<attribute name="label" get="1" set="1" type="symbol" size="1" value="Wet" />
				<attribute name="style" get="1" set="1" type="symbol" size="1" value="text" />
			</attributelist>
		</attribute>
	</attributelist>

	<!--DISCUSSION-->
	<discussion>
		<o>hoa.fx.freeverb~</o> is a multichannel freeverb reverberation processor.
		This patcher requires to be loaded by a <o>hoa.process~</o> object to work.
	</discussion>

	<!--SEEALSO-->
	<seealsolist>
		<seealso name="c.freeverb~" />
		<seealso name="c.convolve~" />
		<seealso name="hoa.process~" />
		<seealso name="hoa.fx.convolve~" />
		<seealso name="hoa.fx.decorrelation~" />
		<seealso name="hoa.fx.delay~" />
		<seealso name="hoa.fx.gain~" />
		<seealso name="hoa.fx.grain~" />
		<seealso name="hoa.fx.mirror~" />
		<seealso name="hoa.fx.mixer~" />
	</seealsolist>

	<misc name = "Discussion">
		<entry name ="More details">
			<description>
		<o>hoa.fx.freeverb~</o> is a multichannel freeverb reverberation processor.
		This patcher requires to be loaded by a <o>hoa.process~</o> object to work.
			</description>
		</entry>
		<entry name ="Keywords">
			<description>
			</description>
		</entry>
	</misc>

</c74object>