<?xml version="1.0" encoding="utf-8" standalone="yes"?>
<?xml-stylesheet href="./_c74_ref.xsl" type="text/xsl"?>

<!--This file has been automatically generated by Doctor Max. DO NOT EDIT THIS FILE DIRECTLY.-->

<c74object name="hoa.fx.hiss.convolve~" module="hoa">

	<digest>
		A multichannel zero latency and high optimized convolution processor (thanks to the use of the multiconvolve~ object by Alex Harker and Pierre Alexandre Tremblay).
	</digest>

	<description>
		<o>hoa.fx.hiss.convolve~</o> is a multichannel zero latency and high optimized convolution processor (thanks to the use of the multiconvolve~ object by Alex Harker and Pierre Alexandre Tremblay).
		This patcher requires to be loaded by a <o>hoa.process~</o> object to work.
	</description>

	<!--METADATA-->
	<metadatalist>
		<metadata name="author">Julien Colafrancesco, Pierre Guillot, Eliott Paris.</metadata>
		<metadata name="tag">Process</metadata>
		<metadata name="tag">MSP</metadata>
		<metadata name="tag">abstraction</metadata>
	</metadatalist>

	<!--ARGUMENTS-->
	<objarglist>
	</objarglist>

	<!--MESSAGES-->
	<methodlist>
	</methodlist>

	<!--ATTRIBUTES-->
	<attributelist>
		<attribute name="buffer" get="1" set="1" type="symbol" size="1">
			<digest>
				Buffer~ Object Name
			</digest>
			<description>
			</description>
			<attributelist>
				<attribute name="label" get="1" set="1" type="symbol" size="1" value="Buffer~ Object Name" />
				<attribute name="style" get="1" set="1" type="symbol" size="1" value="text" />
			</attributelist>
		</attribute>
		<attribute name="dry" get="1" set="1" type="symbol" size="1">
			<digest>
				Dry value
			</digest>
			<description>
			</description>
			<attributelist>
				<attribute name="default" get="1" set="1" type="symbol" size="1" value="0.5" />
				<attribute name="label" get="1" set="1" type="symbol" size="1" value="Dry value" />
				<attribute name="style" get="1" set="1" type="symbol" size="1" value="text" />
			</attributelist>
		</attribute>
		<attribute name="input" get="1" set="1" type="symbol" size="1">
			<digest>
				Input gain
			</digest>
			<description>
			</description>
			<attributelist>
				<attribute name="default" get="1" set="1" type="symbol" size="1" value="1." />
				<attribute name="label" get="1" set="1" type="symbol" size="1" value="Input gain" />
				<attribute name="style" get="1" set="1" type="symbol" size="1" value="text" />
			</attributelist>
		</attribute>
		<attribute name="wet" get="1" set="1" type="symbol" size="1">
			<digest>
				Wet value
			</digest>
			<description>
			</description>
			<attributelist>
				<attribute name="default" get="1" set="1" type="symbol" size="1" value="0.5" />
				<attribute name="label" get="1" set="1" type="symbol" size="1" value="Wet value" />
				<attribute name="style" get="1" set="1" type="symbol" size="1" value="text" />
			</attributelist>
		</attribute>
	</attributelist>

	<!--DISCUSSION-->
	<discussion>
		<o>hoa.fx.hiss.convolve~</o> is a multichannel zero latency and high optimized convolution processor (thanks to the use of the multiconvolve~ object by Alex Harker and Pierre Alexandre Tremblay).
		This patcher requires to be loaded by a <o>hoa.process~</o> object to work.
	</discussion>

	<!--SEEALSO-->
	<seealsolist>
		<seealso name="multiconvolve~" />
		<seealso name="hoa.fx.convolve~ c.convolve~" />
		<seealso name="hoa.process~" />
		<seealso name="hoa.fx.freeverb~" />
		<seealso name="hoa.fx.decorrelation~" />
		<seealso name="hoa.fx.delay~" />
		<seealso name="hoa.fx.gain~" />
		<seealso name="hoa.fx.grain~" />
		<seealso name="hoa.fx.mirror~" />
		<seealso name="hoa.fx.mixer~" />
	</seealsolist>

	<misc name = "Discussion">
		<entry name ="More details">
			<description>
		<o>hoa.fx.hiss.convolve~</o> is a multichannel zero latency and high optimized convolution processor (thanks to the use of the multiconvolve~ object by Alex Harker and Pierre Alexandre Tremblay).
		This patcher requires to be loaded by a <o>hoa.process~</o> object to work.
			</description>
		</entry>
		<entry name ="Keywords">
			<description>
			</description>
		</entry>
	</misc>

</c74object>