<?xml version="1.0" encoding="utf-8" standalone="yes"?>
<?xml-stylesheet href="./_c74_ref.xsl" type="text/xsl"?>

<!--This file has been automatically generated by Doctor Max. DO NOT EDIT THIS FILE DIRECTLY.-->

<c74object name="hoa.fx.ringmod~" module="hoa">

	<digest>
		A ring modulation sound field diffuser.
	</digest>

	<description>
		<o>hoa.fx.ringmod~</o> creates a diffuse sound field by modulating the amplitude of circular, spherical or plane waves signals depending on their number.
		This patcher requires to be loaded by a <o>hoa.process~</o> object to work.
	</description>

	<!--METADATA-->
	<metadatalist>
		<metadata name="author">Julien Colafrancesco, Pierre Guillot, Eliott Paris.</metadata>
		<metadata name="tag">Process</metadata>
		<metadata name="tag">MSP</metadata>
		<metadata name="tag">abstraction</metadata>
	</metadatalist>

	<!--ARGUMENTS-->
	<objarglist>
	</objarglist>

	<!--MESSAGES-->
	<methodlist>
	</methodlist>

	<!--ATTRIBUTES-->
	<attributelist>
		<attribute name="factor" get="1" set="1" type="float" size="1">
			<digest>
				Frequency scaling factor
			</digest>
			<description>
			</description>
			<attributelist>
				<attribute name="default" get="1" set="1" type="float" size="1" value="0" />
				<attribute name="label" get="1" set="1" type="symbol" size="1" value="Frequency scaling factor" />
				<attribute name="style" get="1" set="1" type="symbol" size="1" value="text" />
			</attributelist>
		</attribute>
		<attribute name="freq" get="1" set="1" type="float" size="1">
			<digest>
				Frequency (Hz)
			</digest>
			<description>
			</description>
			<attributelist>
				<attribute name="default" get="1" set="1" type="float" size="1" value="0" />
				<attribute name="label" get="1" set="1" type="symbol" size="1" value="Frequency (Hz)" />
				<attribute name="style" get="1" set="1" type="symbol" size="1" value="text" />
			</attributelist>
		</attribute>
	</attributelist>

	<!--DISCUSSION-->
	<discussion>
		<o>hoa.fx.ringmod~</o> creates a diffuse sound field by modulating the amplitude of circular, spherical or plane waves signals depending on their number.
		This patcher requires to be loaded by a <o>hoa.process~</o> object to work.
	</discussion>

	<!--SEEALSO-->
	<seealsolist>
		<seealso name="hoa.process~" />
		<seealso name="hoa.fx.decorrelation~" />
		<seealso name="hoa.fx.delay~" />
		<seealso name="hoa.fx.gain~" />
		<seealso name="hoa.fx.grain~" />
		<seealso name="hoa.fx.mirror~" />
		<seealso name="hoa.fx.mixer~" />
	</seealsolist>

	<misc name = "Discussion">
		<entry name ="More details">
			<description>
		<o>hoa.fx.ringmod~</o> creates a diffuse sound field by modulating the amplitude of circular, spherical or plane waves signals depending on their number.
		This patcher requires to be loaded by a <o>hoa.process~</o> object to work.
			</description>
		</entry>
		<entry name ="Keywords">
			<description>
			</description>
		</entry>
	</misc>

</c74object>