<?xml version="1.0" encoding="utf-8" standalone="yes"?>
<?xml-stylesheet href="./_c74_ref.xsl" type="text/xsl"?>

<!--This file has been automatically generated by Doctor Max. DO NOT EDIT THIS FILE DIRECTLY.-->

<c74object name="hoa.2d.map~" module="hoa">

	<digest>
		A 2d ambisonic multisource spatializer.
	</digest>

	<description>
		<o>hoa.2d.map~</o> is a tool that encodes several sources in the circular harmonics domain with distance compensation and muting system. It's easy to use and works with <o>hoa.2d.map</o>. You could look at <o>hoa.2d.map</o>'s help for further informations.
	</description>

	<!--METADATA-->
	<metadatalist>
		<metadata name="author">Julien Colafrancesco, Pierre Guillot, Eliott Paris.</metadata>
		<metadata name="tag">2d</metadata>
		<metadata name="tag">Ambisonics</metadata>
		<metadata name="tag">MSP</metadata>
	</metadatalist>

	<!--ARGUMENTS-->
	<objarglist>
		<objarg name="decomposition-order" optional="0" type="int">
			<digest>
				The ambisonic order of decomposition
			</digest>
			<description>
				First argument is the ambisonic order of decomposition.
			</description>
		</objarg>
		<objarg name="number-of-sources" optional="0" type="int">
			<digest>
				The number of sources
			</digest>
			<description>
				Second argument is the number of sources to spatialize.
				If there is a single source, <o>hoa.2d.map~</o> object has 3 inlets, the first one correspond to the signal to encode, the two others an be used to control source position at signal rate. If you have more than one source to spatialize, the number of signal inlets will be equal to the number of sources to encode, and coordinates must be given with list messages.
			</description>
		</objarg>
	</objarglist>

	<!--MESSAGES-->
	<methodlist>
		<method name="cartesian">
			<arglist />
			<digest>
				Set the input mode to cartesian (default).
			</digest>
			<description>
				The <m>cartesian</m> message sets the input mode to cartesian
			</description>
		</method>
		<method name="float">
			<arg name="coord" optional="0" type="float" />
			<digest>
				Set single source coordinate with messages depending on the mode.
			</digest>
			<description>
				Set single source coordinate with messages depending on the mode.
			</description>
		</method>
		<method name="float">
			<arg name="coord" optional="0" type="float" />
			<digest>
				Set single source coordinate with messages depending on the mode.
			</digest>
			<description>
				Set single source coordinate with messages depending on the mode.
			</description>
		</method>
		<method name="list">
			<arglist />
			<digest>
				Send source messages like coordinates and mute state.
			</digest>
			<description>
				Send source messages like coordinates and mute state. The list must be formatted like this : source-index input-mode radius/abscissa azimuth/ordinate to set source positions or like this : source-index 'mute' mute-state to set the mute state of a source.
				marg 0 @name source-index @optional 0 @type int
				marg 1 @name input-mode/mute @optional 0 @type symbol
				marg 2 @name coord-1/mute-state @optional 0 @type float/int
				marg 3 @name coord-2 @optional 0 @type float
			</description>
		</method>
		<method name="polar">
			<arglist />
			<digest>
				Set the input mode to polar.
			</digest>
			<description>
				The <m>polar</m> message sets the input mode to polar
			</description>
		</method>
		<method name="signal">
			<arglist />
			<digest>
				Sources signals to encode.
			</digest>
			<description>
				If you have a single source, the first signal inlet is for the source to encode, the two other ones are to control source position at signal rate. if you have more than one single source to spatialize, all of the inputs represent a signal to encode and coordonates are given with messages.
			</description>
		</method>
	</methodlist>

	<!--ATTRIBUTES-->
	<attributelist>
		<attribute name="ramp" get="1" set="1" type="float" size="1">
			<digest>
				Ramp Time (ms)
			</digest>
			<description>
				The ramp time in milliseconds.
			</description>
			<attributelist>
				<attribute name="category" get="1" set="1" type="symbol" size="1" value="Behavior" />
				<attribute name="label" get="1" set="1" type="symbol" size="1" value="Ramp Time (ms)" />
				<attribute name="style" get="1" set="1" type="symbol" size="1" value="text" />
			</attributelist>
		</attribute>
	</attributelist>

	<!--DISCUSSION-->
	<discussion>
		<o>hoa.2d.map~</o> is a tool that encodes several sources in the circular harmonics domain with distance compensation and muting system. It's easy to use and works with <o>hoa.2d.map</o>. You could look at <o>hoa.2d.map</o>'s help for further informations.
	</discussion>

	<!--SEEALSO-->
	<seealsolist>
		<seealso name="hoa.2d.map" />
		<seealso name="hoa.2d.encoder~" />
		<seealso name="hoa.2d.wider~" />
		<seealso name="hoa.2d.scope~" />
		<seealso name="hoa.2d.decoder~" />
	</seealsolist>

	<misc name = "Discussion">
		<entry name ="More details">
			<description>
		<o>hoa.2d.map~</o> is a tool that encodes several sources in the circular harmonics domain with distance compensation and muting system. It's easy to use and works with <o>hoa.2d.map</o>. You could look at <o>hoa.2d.map</o>'s help for further informations.
			</description>
		</entry>
		<entry name ="Keywords">
			<description>
			</description>
		</entry>
	</misc>

</c74object>