<?xml version="1.0" encoding="utf-8" standalone="yes"?>
<?xml-stylesheet href="./_c74_ref.xsl" type="text/xsl"?>

<!--This file has been automatically generated by Doctor Max. DO NOT EDIT THIS FILE DIRECTLY.-->

<c74object name="hoa.map" module="hoa">

	<digest>
		A graphic user interface to spatialize sources.
	</digest>

	<description>
		<o>hoa.map</o> allows you to spatialize several sources in a 2d or 3d context. You can add and remove sources, change coordinates, add description and create groups. <o>hoa.map</o> is dedicated to control a <o>hoa.2d.map~</o> or a <o>hoa.3d.map~</o> object.
	</description>

	<!--METADATA-->
	<metadatalist>
		<metadata name="author">Julien Colafrancesco, Pierre Guillot, Eliott Paris.</metadata>
		<metadata name="tag">2d</metadata>
		<metadata name="tag">3d</metadata>
		<metadata name="tag">GUI</metadata>
	</metadatalist>

	<!--ARGUMENTS-->
	<objarglist>
	</objarglist>

	<!--MESSAGES-->
	<methodlist>
		<method name="(mouse)">
			<arglist />
			<digest>
				Change sources or group position, set zoom factor.
			</digest>
			<description>
				Click and drag the sources to set their position. Right-click to make appear contextual setting menu, use the mouse-weel to zoom. Movement can be restricted to the azimuth if you press <b>alt</b> key while you are dragging a source or a group, or restricted to the radius with <b>shift</b> key. Press <b>cmd+a</b> to create a group containing all existing sources.
			</description>
		</method>
		<method name="bang">
			<arglist />
			<digest>
				Output current sources values.
			</digest>
			<description>
				The <m>bang</m> Output current sources values.
			</description>
		</method>
		<method name="clear">
			<arglist />
			<digest>
				Remove all sources and groups.
			</digest>
			<description>
				The <m>clear</m> message remove all sources and groups.
			</description>
		</method>
		<method name="getinfo">
			<arglist />
			<digest>
				Report informations in the rightmost outlet.
			</digest>
			<description>
				The <m>getinfo</m> message report informations in the rightmost outlet.
			</description>
		</method>
		<method name="group">
			<arg name="group-index" optional="0" type="int" />
			<arg name="modifier-message" optional="0" type="symbol" />
			<arg name="message-arguments" optional="0" type="float/int/symbol" />
			<digest>
				Send group relative instructions.
			</digest>
			<description>
				The <m>group</m> message send group relative instructions like their position, color, add a description, mute them...
			</description>
		</method>
		<method name="set">
			<arg name="source-or-group" optional="0" type="symbol" />
			<arg name="source-index" optional="0" type="int" />
			<arg name="modifier-message" optional="0" type="symbol" />
			<arg name="message-arguments" optional="0" type="float/int/symbol" />
			<digest>
				Send source or group relative instructions without causing output.
			</digest>
			<description>
				The <m>set</m> message send <m>source</m> or <m>group</m> relative instructions like their position, color, a description, a mute state...
			</description>
		</method>
		<method name="source">
			<arg name="source-index" optional="0" type="int" />
			<arg name="modifier-message" optional="0" type="symbol" />
			<arg name="message-arguments" optional="0" type="float/int/symbol" />
			<digest>
				Send source relative instructions.
			</digest>
			<description>
				The <m>source</m> message send source relative instructions like their position, color, add a description, mute them...
			</description>
		</method>
	</methodlist>

	<!--ATTRIBUTES-->
	<attributelist>
		<attribute name="bgcolor" get="1" set="1" type="" size="1">
			<digest>
				Background Color
			</digest>
			<description>
				Sets the RGBA values for the background color of the <o>hoa.3d.map</o> object
			</description>
			<attributelist>
				<attribute name="category" get="1" set="1" type="symbol" size="1" value="Color" />
				<attribute name="default" get="1" set="1" type="" size="1" value="0.75 0.75 0.75 1." />
				<attribute name="label" get="1" set="1" type="symbol" size="1" value="Background Color" />
				<attribute name="paint" get="1" set="1" type="int" size="1" value="1" />
				<attribute name="save" get="1" set="1" type="int" size="1" value="1" />
				<attribute name="style" get="1" set="1" type="symbol" size="1" value="rgba" />
			</attributelist>
		</attribute>
		<attribute name="color" get="1" set="1" type="" size="1">
			<digest>
				
			</digest>
			<description>
			</description>
			<attributelist>
				<attribute name="style" get="1" set="1" type="symbol" size="1" value="text" />
			</attributelist>
		</attribute>
		<attribute name="mapname" get="1" set="1" type="symbol" size="1">
			<digest>
				Map Name
			</digest>
			<description>
				Use the <m>mapmode</m> attribute to bind multiple <o>hoa.map</o> objects together.
			</description>
			<attributelist>
				<attribute name="category" get="1" set="1" type="symbol" size="1" value="Name" />
				<attribute name="label" get="1" set="1" type="symbol" size="1" value="Map Name" />
				<attribute name="save" get="1" set="1" type="int" size="1" value="1" />
				<attribute name="style" get="1" set="1" type="symbol" size="1" value="text" />
			</attributelist>
		</attribute>
		<attribute name="outputmode" get="1" set="1" type="int" size="1">
			<digest>
				Output Mode
			</digest>
			<description>
				Sets the output mode. Output mode can be <b>polar</b> or <b>cartesian</b>
			</description>
			<attributelist>
				<attribute name="default" get="1" set="1" type="int" size="1" value="0" />
				<attribute name="label" get="1" set="1" type="symbol" size="1" value="Output Mode" />
				<attribute name="save" get="1" set="1" type="int" size="1" value="1" />
				<attribute name="style" get="1" set="1" type="symbol" size="1" value="enumindex" />
			</attributelist>
		</attribute>
		<attribute name="patching_rect" get="1" set="1" type="" size="1">
			<digest>
				
			</digest>
			<description>
			</description>
			<attributelist>
				<attribute name="default" get="1" set="1" type="" size="1" value="0 0 220 220" />
				<attribute name="style" get="1" set="1" type="symbol" size="1" value="text" />
			</attributelist>
		</attribute>
		<attribute name="rect" get="1" set="1" type="" size="1">
			<digest>
				
			</digest>
			<description>
			</description>
			<attributelist>
				<attribute name="default" get="1" set="1" type="" size="1" value="0. 0. 100. 20." />
				<attribute name="style" get="1" set="1" type="symbol" size="1" value="text" />
			</attributelist>
		</attribute>
		<attribute name="save" get="1" set="1" type="int" size="1">
			<digest>
				Save Object State with Patcher
			</digest>
			<description>
				Check this to save object's state with patcher. Warning : if Parameter Mode and Initial are enable, this <m>save</m> method is no longer effective.
			</description>
			<attributelist>
				<attribute name="default" get="1" set="1" type="int" size="1" value="1" />
				<attribute name="label" get="1" set="1" type="symbol" size="1" value="Save Object State with Patcher" />
				<attribute name="save" get="1" set="1" type="int" size="1" value="1" />
				<attribute name="style" get="1" set="1" type="symbol" size="1" value="onoff" />
			</attributelist>
		</attribute>
		<attribute name="selcolor" get="1" set="1" type="" size="1">
			<digest>
				Selection Color
			</digest>
			<description>
				Sets the RGBA values for the selection in a <o>hoa.3d.map</o> object
			</description>
			<attributelist>
				<attribute name="category" get="1" set="1" type="symbol" size="1" value="Color" />
				<attribute name="default" get="1" set="1" type="" size="1" value="0.36 0.37 0.7 0.5" />
				<attribute name="label" get="1" set="1" type="symbol" size="1" value="Selection Color" />
				<attribute name="paint" get="1" set="1" type="int" size="1" value="1" />
				<attribute name="save" get="1" set="1" type="int" size="1" value="1" />
				<attribute name="style" get="1" set="1" type="symbol" size="1" value="rgba" />
			</attributelist>
		</attribute>
		<attribute name="showgroups" get="1" set="1" type="int" size="1">
			<digest>
				Use and show group
			</digest>
			<description>
				Use and show group ?
			</description>
			<attributelist>
				<attribute name="default" get="1" set="1" type="int" size="1" value="1" />
				<attribute name="label" get="1" set="1" type="symbol" size="1" value="Use and show group" />
				<attribute name="paint" get="1" set="1" type="int" size="1" value="1" />
				<attribute name="save" get="1" set="1" type="int" size="1" value="1" />
				<attribute name="style" get="1" set="1" type="symbol" size="1" value="onoff" />
			</attributelist>
		</attribute>
		<attribute name="textcolor" get="1" set="1" type="" size="1">
			<digest>
				
			</digest>
			<description>
			</description>
			<attributelist>
				<attribute name="style" get="1" set="1" type="symbol" size="1" value="text" />
			</attributelist>
		</attribute>
		<attribute name="view" get="1" set="1" type="int" size="1">
			<digest>
				Coordinate View
			</digest>
			<description>
				Sets the coordinates display mode. coordinates display mode can be <b>xy</b>, <b>xz</b> or <b>yz</b>
			</description>
			<attributelist>
				<attribute name="default" get="1" set="1" type="int" size="1" value="0" />
				<attribute name="label" get="1" set="1" type="symbol" size="1" value="Coordinate View" />
				<attribute name="save" get="1" set="1" type="int" size="1" value="1" />
				<attribute name="style" get="1" set="1" type="symbol" size="1" value="enumindex" />
			</attributelist>
		</attribute>
		<attribute name="zoom" get="1" set="1" type="float" size="1">
			<digest>
				Zoom
			</digest>
			<description>
				Sets the zoom factor
			</description>
			<attributelist>
				<attribute name="default" get="1" set="1" type="float" size="1" value="0.35" />
				<attribute name="label" get="1" set="1" type="symbol" size="1" value="Zoom" />
				<attribute name="paint" get="1" set="1" type="int" size="1" value="1" />
				<attribute name="save" get="1" set="1" type="int" size="1" value="1" />
				<attribute name="style" get="1" set="1" type="symbol" size="1" value="text" />
			</attributelist>
		</attribute>
	</attributelist>

	<!--EXAMPLE-->
	<examplelist>
		<example img="hoa.map.png" caption="hoa.map GUI object" />
	</examplelist>

	<!--DISCUSSION-->
	<discussion>
		<o>hoa.map</o> allows you to spatialize several sources in a 2d or 3d context. You can add and remove sources, change coordinates, add description and create groups. <o>hoa.map</o> is dedicated to control a <o>hoa.2d.map~</o> or a <o>hoa.3d.map~</o> object.
	</discussion>

	<!--SEEALSO-->
	<seealsolist>
		<seealso name="hoa.2d.map" />
		<seealso name="hoa.3d.map~" />
		<seealso name="hoa.2d.space" />
		<seealso name="hoa.2d.meter~" />
		<seealso name="hoa.2d.scope~" />
		<seealso name="hoa.2d.encoder~" />
		<seealso name="hoa.2d.wider~" />
		<seealso name="hoa.2d.decoder~" />
		<seealso name="hoa.3d.encoder~" />
		<seealso name="hoa.3d.scope~" />
		<seealso name="hoa.3d.wider~" />
		<seealso name="hoa.3d.decoder~" />
	</seealsolist>

	<misc name = "Discussion">
		<entry name ="More details">
			<description>
		<o>hoa.map</o> allows you to spatialize several sources in a 2d or 3d context. You can add and remove sources, change coordinates, add description and create groups. <o>hoa.map</o> is dedicated to control a <o>hoa.2d.map~</o> or a <o>hoa.3d.map~</o> object.
			</description>
		</entry>
		<entry name ="Keywords">
			<description>
			</description>
		</entry>
	</misc>

</c74object>