<?xml version="1.0" encoding="utf-8" standalone="yes"?>
<?xml-stylesheet href="./_c74_ref.xsl" type="text/xsl"?>

<!--This file has been automatically generated by Doctor Max. DO NOT EDIT THIS FILE DIRECTLY.-->

<c74object name="hoa.2d.optim~" module="hoa">

	<digest>
		A 2d ambisonic signal optimization external.
	</digest>

	<description>
		<o>hoa.2d.optim~</o> weights the circular harmonics signals depending on the ambisonic optimization. It can be <b>basic</b> for no optimization, <b>maxRe</b> or <b>inPhase</b>.
	</description>

	<!--METADATA-->
	<metadatalist>
		<metadata name="author">Julien Colafrancesco, Pierre Guillot, Eliott Paris.</metadata>
		<metadata name="tag">2d</metadata>
		<metadata name="tag">Ambisonics</metadata>
		<metadata name="tag">MSP</metadata>
	</metadatalist>

	<!--ARGUMENTS-->
	<objarglist>
		<objarg name="decomposition-order" optional="0" type="int">
			<digest>
				The ambisonic order of decomposition
			</digest>
			<description>
				First argument is the ambisonic order of decomposition.
			</description>
		</objarg>
		<objarg name="optimization-mode" optional="1" type="symbol">
			<digest>
				The optimization mode.
			</digest>
			<description>
				The optimization mode can be <b>basic</b> for no optimization (default), <b>maxRe</b> or <b>inPhase</b>.
			</description>
		</objarg>
	</objarglist>

	<!--MESSAGES-->
	<methodlist>
		<method name="basic">
			<arglist />
			<digest>
				Set the optimization mode to <b>basic</b>, does not apply any optimization.
			</digest>
			<description>
				Set the optimization mode to <b>basic</b>. This is particulary suitable when the listener is ideally placed at the center of the loudspeaker arrangement, or for diffused soundfields.
			</description>
		</method>
		<method name="maxRe">
			<arglist />
			<digest>
				Set the optimization mode to <b>maxRe</b>.
			</digest>
			<description>
				Set the optimization mode to <b>maxRe</b>. This is particulary suitable when the audience is confined at the center of the restitution area.
			</description>
		</method>
		<method name="maxRe">
			<arglist />
			<digest>
				Set the optimization mode to <b>maxRe</b>.
			</digest>
			<description>
				Set the optimization mode to <b>maxRe</b>. This is particulary suitable when the audience covers all of the restitution area.
			</description>
		</method>
		<method name="signal">
			<arglist />
			<digest>
				Array of circular harmonic signals to be optimized.
			</digest>
			<description>
				Array of circular harmonic signals to be optimized.
			</description>
		</method>
	</methodlist>

	<!--ATTRIBUTES-->
	<attributelist>
	</attributelist>

	<!--DISCUSSION-->
	<discussion>
		<o>hoa.2d.optim~</o> weights the circular harmonics signals depending on the ambisonic optimization. It can be <b>basic</b> for no optimization, <b>maxRe</b> or <b>inPhase</b>.
	</discussion>

	<!--SEEALSO-->
	<seealsolist>
		<seealso name="hoa.2d.decoder~" />
		<seealso name="hoa.2d.map~" />
		<seealso name="hoa.2d.scope~" />
		<seealso name="hoa.2d.meter~" />
		<seealso name="hoa.2d.wider~" />
	</seealsolist>

	<misc name = "Discussion">
		<entry name ="More details">
			<description>
		<o>hoa.2d.optim~</o> weights the circular harmonics signals depending on the ambisonic optimization. It can be <b>basic</b> for no optimization, <b>maxRe</b> or <b>inPhase</b>.
			</description>
		</entry>
		<entry name ="Keywords">
			<description>
			</description>
		</entry>
	</misc>

</c74object>