<?xml version="1.0" encoding="utf-8" standalone="yes"?>
<?xml-stylesheet href="./_c74_ref.xsl" type="text/xsl"?>

<!--This file has been automatically generated by Doctor Max. DO NOT EDIT THIS FILE DIRECTLY.-->

<c74object name="hoa.pi" module="hoa">

	<digest>
		π constant.
	</digest>

	<description>
		<o>hoa.pi</o> is for people that never remember more than 4 decimals or want to initialize a good π number.
	</description>

	<!--METADATA-->
	<metadatalist>
		<metadata name="author">Julien Colafrancesco, Pierre Guillot, Eliott Paris.</metadata>
		<metadata name="tag">Utility</metadata>
		<metadata name="tag">Maths</metadata>
	</metadatalist>

	<!--INLETS-->
	<inletlist>
		<inlet id="0" type="INLET_TYPE">
			<digest>
				bang to output π, set the π multiplier
			</digest>
			<description>
			</description>
		</inlet>
	</inletlist>

	<!--OUTLETS-->
	<outletlist>
		<outlet id="0" type="INLET_TYPE">
			<digest>
				output result
			</digest>
			<description>
			</description>
		</outlet>
	</outletlist>

	<!--ARGUMENTS-->
	<objarglist>
		<objarg name="multiplier" optional="1" type="float">
			<digest>
				π multiplier
			</digest>
			<description>
				First argument is the π multiplier
			</description>
		</objarg>
	</objarglist>

	<!--MESSAGES-->
	<methodlist>
		<method name="bang">
			<arglist />
			<digest>
				Compute and output result
			</digest>
			<description>
				The <m>bang</m> message compute and output result : pi * factor.
			</description>
		</method>
		<method name="dblclick">
			<arglist />
			<digest>
				Compute and output result
			</digest>
			<description>
				The <m>dblclick</m> on the object compute and output result
			</description>
		</method>
		<method name="float">
			<arg name="value" optional="0" type="float" />
			<digest>
				Set pi multiplier, and compute result
			</digest>
			<description>
				The <m>float</m> message et pi multiplier, and compute the result
			</description>
		</method>
		<method name="int">
			<arg name="value" optional="0" type="int" />
			<digest>
				Set pi multiplier, and compute result
			</digest>
			<description>
				The <m>int</m> message et pi multiplier, and compute the result
			</description>
		</method>
	</methodlist>

	<!--ATTRIBUTES-->
	<attributelist>
	</attributelist>

	<!--DISCUSSION-->
	<discussion>
		<o>hoa.pi</o> is for people that never remember more than 4 decimals or want to initialize a good π number.
	</discussion>

	<!--SEEALSO-->
	<seealsolist>
		<seealso name="hoa.pi~" />
	</seealsolist>

	<misc name = "Input">
		<entry name ="Inlet 1 (bang/int/float)">
			<description>
				bang to output π, set the π multiplier.
			</description>
		</entry>
	</misc>

	<misc name = "Output">
		<entry name ="Outlet 1 (float)">
			<description>
				output result.
			</description>
		</entry>
	</misc>

	<misc name = "Discussion">
		<entry name ="More details">
			<description>
		<o>hoa.pi</o> is for people that never remember more than 4 decimals or want to initialize a good π number.
			</description>
		</entry>
		<entry name ="Keywords">
			<description>
			</description>
		</entry>
	</misc>

</c74object>