<?xml version="1.0" encoding="utf-8" standalone="yes"?>
<?xml-stylesheet href="./_c74_ref.xsl" type="text/xsl"?>

<!--This file has been automatically generated by Doctor Max. DO NOT EDIT THIS FILE DIRECTLY.-->

<c74object name="hoa.2d.decoder~" module="hoa">

	<digest>
		A 2d ambisonic decoder.
	</digest>

	<description>
		<o>hoa.2d.decoder~</o> decodes an ambisonics soundfield for several loudspeakers configuration or for headphones. First argument is the ambisonic order of decomposition.
	</description>

	<!--METADATA-->
	<metadatalist>
		<metadata name="author">Julien Colafrancesco, Pierre Guillot, Eliott Paris.</metadata>
		<metadata name="tag">2d</metadata>
		<metadata name="tag">Ambisonics</metadata>
		<metadata name="tag">Planewaves</metadata>
		<metadata name="tag">MSP</metadata>
	</metadatalist>

	<!--ARGUMENTS-->
	<objarglist>
		<objarg name="decomposition-order" optional="0" type="int">
			<digest>
				The ambisonic order of decomposition
			</digest>
			<description>
				First argument is the ambisonic order of decomposition.
			</description>
		</objarg>
	</objarglist>

	<!--MESSAGES-->
	<methodlist>
		<method name="signal">
			<arglist />
			<digest>
				Array of circular harmonic signals to decode for an array of loudspeakers
			</digest>
			<description>
				Array of circular harmonic signals to decode for an array of loudspeakers
			</description>
		</method>
	</methodlist>

	<!--ATTRIBUTES-->
	<attributelist>
		<attribute name="angles" get="1" set="1" type="float_array" size="0">
			<digest>
				Angles of Channels
			</digest>
			<description>
				Angles of each channels. The angles of channels are only settable in <b>irregular</b> <m>mode</m>. Each angle are in degrees and is wrapped between 0. and 360. So you can also set an angle with a negative value. ex : angles for a 5.1 loudspeakers restitution system can be setted either by the "angles 0 30 110 250 330" or by "angles 0 30 110 -110 -30".
			</description>
			<attributelist>
				<attribute name="label" get="1" set="1" type="symbol" size="1" value="Angles of Channels" />
				<attribute name="style" get="1" set="1" type="symbol" size="1" value="text" />
			</attributelist>
		</attribute>
		<attribute name="autoconnect" get="1" set="1" type="int" size="1">
			<digest>
				Auto connection
			</digest>
			<description>
				If the <m>autoconnect</m> attribute is checked, connected objects like the <o>hoa.2d.meter~</o>, <o>hoa.2d.vector~</o>, <o>hoa.dac~</o> or <o>hoa.gain~</o> will be notified of changes and adapt their behavior accordingly.
			</description>
			<attributelist>
				<attribute name="category" get="1" set="1" type="symbol" size="1" value="Behavior" />
				<attribute name="label" get="1" set="1" type="symbol" size="1" value="Auto connection" />
				<attribute name="style" get="1" set="1" type="symbol" size="1" value="onoff" />
			</attributelist>
		</attribute>
		<attribute name="channels" get="1" set="1" type="int" size="1">
			<digest>
				Number of Channels
			</digest>
			<description>
				The number of Channels. NB : in <b>ambisonic</b> <m>mode</m>, the number of channels must be equal or higher to the number of harmonics : (order *2 + 1), (default : order * 2 + 2).
			</description>
			<attributelist>
				<attribute name="label" get="1" set="1" type="symbol" size="1" value="Number of Channels" />
				<attribute name="style" get="1" set="1" type="symbol" size="1" value="text" />
			</attributelist>
		</attribute>
		<attribute name="crop" get="1" set="1" type="int" size="1">
			<digest>
				Crop of the Responses
			</digest>
			<description>
				The crop attribute can be used in binaural mode to reduce the CPU usage by cropping the impulse responses (between 0 and 512) 0 means no crop
			</description>
			<attributelist>
				<attribute name="label" get="1" set="1" type="symbol" size="1" value="Crop of the Responses" />
				<attribute name="style" get="1" set="1" type="symbol" size="1" value="text" />
			</attributelist>
		</attribute>
		<attribute name="mode" get="1" set="1" type="symbol" size="1">
			<digest>
				Mode
			</digest>
			<description>
				There is three decoding <m>mode</m> :
				<ul>
				<li>- <b>regular</b> : for a regular loudspeakers repartition over a circular array.</li>
				<li>- <b>irregular</b> : for an irregular loudspeakers repartition over a circular array.</li>
				<li>- <b>binaural</b> : for headphones.</li>
				</ul>
			</description>
			<attributelist>
				<attribute name="label" get="1" set="1" type="symbol" size="1" value="Mode" />
				<attribute name="style" get="1" set="1" type="symbol" size="1" value="text" />
			</attributelist>
		</attribute>
		<attribute name="offset" get="1" set="1" type="float" size="1">
			<digest>
				Offset of Channels
			</digest>
			<description>
				The offset of channels, in degrees between 0. and 360.
			</description>
			<attributelist>
				<attribute name="label" get="1" set="1" type="symbol" size="1" value="Offset of Channels" />
				<attribute name="style" get="1" set="1" type="symbol" size="1" value="text" />
			</attributelist>
		</attribute>
	</attributelist>

	<!--DISCUSSION-->
	<discussion>
		<o>hoa.2d.decoder~</o> decodes an ambisonics soundfield for several loudspeakers configuration or for headphones. First argument is the ambisonic order of decomposition.
	</discussion>

	<!--SEEALSO-->
	<seealsolist>
		<seealso name="hoa.2d.meter~" />
		<seealso name="hoa.2d.scope~" />
		<seealso name="hoa.dac~" />
		<seealso name="hoa.2d.vector~" />
		<seealso name="hoa.2d.optim~" />
		<seealso name="hoa.2d.map~" />
		<seealso name="hoa.2d.encoder~" />
		<seealso name="hoa.3d.decoder~" />
	</seealsolist>

	<misc name = "Discussion">
		<entry name ="More details">
			<description>
		<o>hoa.2d.decoder~</o> decodes an ambisonics soundfield for several loudspeakers configuration or for headphones. First argument is the ambisonic order of decomposition.
			</description>
		</entry>
		<entry name ="Keywords">
			<description>
			</description>
		</entry>
	</misc>

</c74object>