<?xml version="1.0" encoding="utf-8" standalone="yes"?>
<?xml-stylesheet href="./_c74_ref.xsl" type="text/xsl"?>

<!--This file has been automatically generated by Doctor Max. DO NOT EDIT THIS FILE DIRECTLY.-->

<c74object name="hoa.2d.wider~" module="hoa">

	<digest>
		A 2d fractional ambisonic order simulator
	</digest>

	<description>
		<o>hoa.2d.wider~</o> can be used to wide the diffusion of a localised sound. The order depending signals are weighted and appear in a logarithmic way to have linear changes.
	</description>

	<!--METADATA-->
	<metadatalist>
		<metadata name="author">Julien Colafrancesco, Pierre Guillot, Eliott Paris.</metadata>
		<metadata name="tag">2d</metadata>
		<metadata name="tag">Ambisonics</metadata>
		<metadata name="tag">MSP</metadata>
	</metadatalist>

	<!--ARGUMENTS-->
	<objarglist>
		<objarg name="decomposition-order" optional="0" type="int">
			<digest>
				The ambisonic order of decomposition
			</digest>
			<description>
				First argument is the ambisonic order of decomposition.
			</description>
		</objarg>
	</objarglist>

	<!--MESSAGES-->
	<methodlist>
		<method name="float">
			<arglist />
			<digest>
				Set the widening value.
			</digest>
			<description>
				Set the widening value in the last inlet at control rate. The widening value is clipped between 0. and 1.
			</description>
		</method>
		<method name="int">
			<arglist />
			<digest>
				Set the widening value.
			</digest>
			<description>
				Set the widening value in the last inlet at control rate. The widening value is clipped between 0. and 1.
			</description>
		</method>
		<method name="signal">
			<arglist />
			<digest>
				Array of circular harmonic signals to be processed, widening value.
			</digest>
			<description>
				Array of circular harmonic signals to be processed. Set the widening value in the last inlet at signal rate. The widening value is clipped between 0. and 1.
			</description>
		</method>
	</methodlist>

	<!--ATTRIBUTES-->
	<attributelist>
	</attributelist>

	<!--DISCUSSION-->
	<discussion>
		<o>hoa.2d.wider~</o> can be used to wide the diffusion of a localised sound. The order depending signals are weighted and appear in a logarithmic way to have linear changes.
	</discussion>

	<!--SEEALSO-->
	<seealsolist>
		<seealso name="hoa.2d.rotate~" />
		<seealso name="hoa.2d.encoder~" />
		<seealso name="hoa.2d.decoder~" />
		<seealso name="hoa.2d.map~" />
		<seealso name="hoa.process~" />
		<seealso name="hoa.2d.space" />
		<seealso name="hoa.2d.recomposer" />
		<seealso name="hoa.2d.meter~" />
		<seealso name="hoa.2d.scope~" />
	</seealsolist>

	<misc name = "Discussion">
		<entry name ="More details">
			<description>
		<o>hoa.2d.wider~</o> can be used to wide the diffusion of a localised sound. The order depending signals are weighted and appear in a logarithmic way to have linear changes.
			</description>
		</entry>
		<entry name ="Keywords">
			<description>
			</description>
		</entry>
	</misc>

</c74object>