<?xml version="1.0" encoding="utf-8" standalone="yes"?>
<?xml-stylesheet href="./_c74_ref.xsl" type="text/xsl"?>

<!--This file has been automatically generated by Doctor Max. DO NOT EDIT THIS FILE DIRECTLY.-->

<c74object name="hoa.record~" module="hoa">

	<digest>
		an ambisonic sfrecord~ object
	</digest>

	<description>
		<o>hoa.record~</o> is a wrapped <o>sfrecord~</o> object
	</description>

	<!--METADATA-->
	<metadatalist>
		<metadata name="author">Julien Colafrancesco, Pierre Guillot, Eliott Paris.</metadata>
		<metadata name="tag">ambisonics</metadata>
		<metadata name="tag">hoa objects</metadata>
		<metadata name="tag">audio</metadata>
		<metadata name="tag">msp</metadata>
	</metadatalist>

	<!--ARGUMENTS-->
	<objarglist>
	</objarglist>

	<!--MESSAGES-->
	<methodlist>
	</methodlist>

	<!--ATTRIBUTES-->
	<attributelist>
	</attributelist>

	<!--DISCUSSION-->
	<discussion>
		<o>hoa.record~</o> is a wrapped <o>sfrecord~</o> object
	</discussion>

	<!--SEEALSO-->
	<seealsolist>
		<seealso name="hoa.play~" />
		<seealso name="sfplay~" />
		<seealso name="sfrecord~" />
	</seealsolist>

	<misc name = "Discussion">
		<entry name ="More details">
			<description>
		<o>hoa.record~</o> is a wrapped <o>sfrecord~</o> object
			</description>
		</entry>
		<entry name ="Keywords">
			<description>
			</description>
		</entry>
	</misc>

</c74object>