<?xml version="1.0" encoding="utf-8" standalone="yes"?>
<?xml-stylesheet href="./_c74_ref.xsl" type="text/xsl"?>

<!--This file has been automatically generated by Doctor Max. DO NOT EDIT THIS FILE DIRECTLY.-->

<c74object name="hoa.3d.scope~" module="hoa">

	<digest>
		A spherical harmonic visualizer
	</digest>

	<description>
		<o>hoa.3d.scope~</o> displays spherical harmonics of an ambisonic sound field
	</description>

	<!--METADATA-->
	<metadatalist>
		<metadata name="author">Julien Colafrancesco, Pierre Guillot, Eliott Paris.</metadata>
		<metadata name="tag">3d</metadata>
		<metadata name="tag">Ambisonics</metadata>
		<metadata name="tag">GUI</metadata>
		<metadata name="tag">MSP</metadata>
	</metadatalist>

	<!--ARGUMENTS-->
	<objarglist>
	</objarglist>

	<!--MESSAGES-->
	<methodlist>
		<method name="signal">
			<arglist />
			<digest>
				Array of spherical harmonic signals that represent a sound field
			</digest>
			<description>
				Array of spherical harmonic signals that represent a sound field
			</description>
		</method>
	</methodlist>

	<!--ATTRIBUTES-->
	<attributelist>
		<attribute name="bgcolor" get="1" set="1" type="" size="1">
			<digest>
				Background Color
			</digest>
			<description>
				Sets the RGBA values for the background color of the <o>hoa.3d.scope~</o> object
			</description>
			<attributelist>
				<attribute name="category" get="1" set="1" type="symbol" size="1" value="Color" />
				<attribute name="default" get="1" set="1" type="" size="1" value="0.76 0.76 0.76 1." />
				<attribute name="label" get="1" set="1" type="symbol" size="1" value="Background Color" />
				<attribute name="paint" get="1" set="1" type="int" size="1" value="1" />
				<attribute name="save" get="1" set="1" type="int" size="1" value="1" />
				<attribute name="style" get="1" set="1" type="symbol" size="1" value="rgba" />
			</attributelist>
		</attribute>
		<attribute name="color" get="1" set="1" type="" size="1">
			<digest>
				
			</digest>
			<description>
			</description>
			<attributelist>
				<attribute name="style" get="1" set="1" type="symbol" size="1" value="text" />
			</attributelist>
		</attribute>
		<attribute name="gain" get="1" set="1" type="float" size="1">
			<digest>
				Gain
			</digest>
			<description>
				The <b>gain</b> factor can be used to offer a better visualisation of low amplitude sound fields.
			</description>
			<attributelist>
				<attribute name="category" get="1" set="1" type="symbol" size="1" value="Behavior" />
				<attribute name="default" get="1" set="1" type="float" size="1" value="1." />
				<attribute name="label" get="1" set="1" type="symbol" size="1" value="Gain" />
				<attribute name="save" get="1" set="1" type="int" size="1" value="1" />
				<attribute name="style" get="1" set="1" type="symbol" size="1" value="text" />
			</attributelist>
		</attribute>
		<attribute name="interval" get="1" set="1" type="int" size="1">
			<digest>
				Refresh Interval in Milliseconds
			</digest>
			<description>
				The refresh interval time in milliseconds.
			</description>
			<attributelist>
				<attribute name="category" get="1" set="1" type="symbol" size="1" value="Behavior" />
				<attribute name="default" get="1" set="1" type="int" size="1" value="100" />
				<attribute name="label" get="1" set="1" type="symbol" size="1" value="Refresh Interval in Milliseconds" />
				<attribute name="paint" get="1" set="1" type="int" size="1" value="1" />
				<attribute name="save" get="1" set="1" type="int" size="1" value="1" />
				<attribute name="style" get="1" set="1" type="symbol" size="1" value="text" />
			</attributelist>
		</attribute>
		<attribute name="nhcolor" get="1" set="1" type="" size="1">
			<digest>
				Negative Harmonics Color
			</digest>
			<description>
				Sets the RGBA values for the negative harmonics color of the <o>hoa.3d.scope~</o> object
			</description>
			<attributelist>
				<attribute name="category" get="1" set="1" type="symbol" size="1" value="Color" />
				<attribute name="default" get="1" set="1" type="" size="1" value="0. 0. 1. 1." />
				<attribute name="label" get="1" set="1" type="symbol" size="1" value="Negative Harmonics Color" />
				<attribute name="paint" get="1" set="1" type="int" size="1" value="1" />
				<attribute name="save" get="1" set="1" type="int" size="1" value="1" />
				<attribute name="style" get="1" set="1" type="symbol" size="1" value="rgba" />
			</attributelist>
		</attribute>
		<attribute name="order" get="1" set="1" type="int" size="1">
			<digest>
				Ambisonic Order
			</digest>
			<description>
				The ambisonic order of decomposition. Will adapt the number of input accordingly.
			</description>
			<attributelist>
				<attribute name="category" get="1" set="1" type="symbol" size="1" value="Ambisonic" />
				<attribute name="default" get="1" set="1" type="int" size="1" value="1" />
				<attribute name="label" get="1" set="1" type="symbol" size="1" value="Ambisonic Order" />
				<attribute name="save" get="1" set="1" type="int" size="1" value="1" />
				<attribute name="style" get="1" set="1" type="symbol" size="1" value="text" />
			</attributelist>
		</attribute>
		<attribute name="patching_rect" get="1" set="1" type="" size="1">
			<digest>
				
			</digest>
			<description>
			</description>
			<attributelist>
				<attribute name="default" get="1" set="1" type="" size="1" value="0 0 150 150" />
				<attribute name="style" get="1" set="1" type="symbol" size="1" value="text" />
			</attributelist>
		</attribute>
		<attribute name="phcolor" get="1" set="1" type="" size="1">
			<digest>
				Positive Harmonics Color
			</digest>
			<description>
				Sets the RGBA values for the positive harmonics color of the <o>hoa.3d.scope~</o> object
			</description>
			<attributelist>
				<attribute name="category" get="1" set="1" type="symbol" size="1" value="Color" />
				<attribute name="default" get="1" set="1" type="" size="1" value="1. 0. 0. 1." />
				<attribute name="label" get="1" set="1" type="symbol" size="1" value="Positive Harmonics Color" />
				<attribute name="paint" get="1" set="1" type="int" size="1" value="1" />
				<attribute name="save" get="1" set="1" type="int" size="1" value="1" />
				<attribute name="style" get="1" set="1" type="symbol" size="1" value="rgba" />
			</attributelist>
		</attribute>
		<attribute name="textcolor" get="1" set="1" type="" size="1">
			<digest>
				
			</digest>
			<description>
			</description>
			<attributelist>
				<attribute name="style" get="1" set="1" type="symbol" size="1" value="text" />
			</attributelist>
		</attribute>
		<attribute name="view" get="1" set="1" type="float_array" size="0">
			<digest>
				Offset of the View
			</digest>
			<description>
				Set the offset of the view with a list of 3 double values corresponding to the x y z offset, in degrees between 0. and 360.
			</description>
			<attributelist>
				<attribute name="category" get="1" set="1" type="symbol" size="1" value="Behavior" />
				<attribute name="default" get="1" set="1" type="float_array" size="0" value="0. 0. 0." />
				<attribute name="label" get="1" set="1" type="symbol" size="1" value="Offset of the View" />
				<attribute name="paint" get="1" set="1" type="int" size="1" value="1" />
				<attribute name="save" get="1" set="1" type="int" size="1" value="1" />
				<attribute name="style" get="1" set="1" type="symbol" size="1" value="text" />
			</attributelist>
		</attribute>
	</attributelist>

	<!--EXAMPLE-->
	<examplelist>
		<example img="hoa.3d.scope~.png" caption="the hoa.3d.scope~ GUI object" />
	</examplelist>

	<!--DISCUSSION-->
	<discussion>
		<o>hoa.3d.scope~</o> displays spherical harmonics of an ambisonic sound field
	</discussion>

	<!--SEEALSO-->
	<seealsolist>
		<seealso name="hoa.3d.meter~" />
		<seealso name="hoa.2d.scope~" />
		<seealso name="hoa.3d.decoder~" />
		<seealso name="hoa.3d.encoder~" />
		<seealso name="hoa.3d.map~" />
		<seealso name="hoa.3d.optim~" />
		<seealso name="hoa.3d.vector~" />
		<seealso name="hoa.3d.wider~" />
		<seealso name="hoa.dac~" />
	</seealsolist>

	<misc name = "Discussion">
		<entry name ="More details">
			<description>
		<o>hoa.3d.scope~</o> displays spherical harmonics of an ambisonic sound field
			</description>
		</entry>
		<entry name ="Keywords">
			<description>
			</description>
		</entry>
	</misc>

</c74object>