<?xml version="1.0" encoding="utf-8" standalone="yes"?>
<?xml-stylesheet href="./_c74_ref.xsl" type="text/xsl"?>

<!--This file has been automatically generated by Doctor Max. DO NOT EDIT THIS FILE DIRECTLY.-->

<c74object name="hoa.fx.grain~" module="hoa">

	<digest>
		A multichannel granulator processor.
	</digest>

	<description>
		<o>hoa.fx.grain~</o> create a diffuse sound field. It uses delay lines and amplitude modulation to create streams of grains.
		In "harmonics" mode, parameters are scaled depending to the orders to generate a granular sound field.
		This patcher requires to be loaded by a <o>hoa.process~</o> object to work.
	</description>

	<!--METADATA-->
	<metadatalist>
		<metadata name="author">Julien Colafrancesco, Pierre Guillot, Eliott Paris.</metadata>
		<metadata name="tag">Process</metadata>
		<metadata name="tag">MSP</metadata>
		<metadata name="tag">abstraction</metadata>
	</metadatalist>

	<!--ARGUMENTS-->
	<objarglist>
	</objarglist>

	<!--MESSAGES-->
	<methodlist>
	</methodlist>

	<!--ATTRIBUTES-->
	<attributelist>
		<attribute name="delay" get="1" set="1" type="float" size="1">
			<digest>
				Delay time (ms)
			</digest>
			<description>
			</description>
			<attributelist>
				<attribute name="default" get="1" set="1" type="float" size="1" value="0." />
				<attribute name="label" get="1" set="1" type="symbol" size="1" value="Delay time (ms)" />
				<attribute name="style" get="1" set="1" type="symbol" size="1" value="text" />
			</attributelist>
		</attribute>
		<attribute name="feedback" get="1" set="1" type="float" size="1">
			<digest>
				Feedback
			</digest>
			<description>
			</description>
			<attributelist>
				<attribute name="default" get="1" set="1" type="float" size="1" value="0." />
				<attribute name="label" get="1" set="1" type="symbol" size="1" value="Feedback" />
				<attribute name="style" get="1" set="1" type="symbol" size="1" value="text" />
			</attributelist>
		</attribute>
		<attribute name="name" get="1" set="1" type="symbol" size="1">
			<digest>
				Buffer name
			</digest>
			<description>
			</description>
			<attributelist>
				<attribute name="default" get="1" set="1" type="symbol" size="1" value="livegrain" />
				<attribute name="label" get="1" set="1" type="symbol" size="1" value="Buffer name" />
				<attribute name="style" get="1" set="1" type="symbol" size="1" value="text" />
			</attributelist>
		</attribute>
		<attribute name="rarefaction" get="1" set="1" type="float" size="1">
			<digest>
				Rarefaction factor
			</digest>
			<description>
			</description>
			<attributelist>
				<attribute name="default" get="1" set="1" type="float" size="1" value="0." />
				<attribute name="label" get="1" set="1" type="symbol" size="1" value="Rarefaction factor" />
				<attribute name="style" get="1" set="1" type="symbol" size="1" value="text" />
			</attributelist>
		</attribute>
		<attribute name="size" get="1" set="1" type="float" size="1">
			<digest>
				Grain size (ms)
			</digest>
			<description>
			</description>
			<attributelist>
				<attribute name="default" get="1" set="1" type="float" size="1" value="0" />
				<attribute name="label" get="1" set="1" type="symbol" size="1" value="Grain size (ms)" />
				<attribute name="style" get="1" set="1" type="symbol" size="1" value="text" />
			</attributelist>
		</attribute>
	</attributelist>

	<!--DISCUSSION-->
	<discussion>
		<o>hoa.fx.grain~</o> create a diffuse sound field. It uses delay lines and amplitude modulation to create streams of grains.
		In "harmonics" mode, parameters are scaled depending to the orders to generate a granular sound field.
		This patcher requires to be loaded by a <o>hoa.process~</o> object to work.
	</discussion>

	<!--SEEALSO-->
	<seealsolist>
		<seealso name="hoa.process~" />
		<seealso name="hoa.syn.grain~" />
		<seealso name="hoa.fx.decorrelation~" />
		<seealso name="hoa.fx.gain~" />
		<seealso name="hoa.fx.mirror~" />
		<seealso name="hoa.fx.mixer~" />
		<seealso name="hoa.fx.ringmod~" />
	</seealsolist>

	<misc name = "Discussion">
		<entry name ="More details">
			<description>
		<o>hoa.fx.grain~</o> create a diffuse sound field. It uses delay lines and amplitude modulation to create streams of grains.
		In "harmonics" mode, parameters are scaled depending to the orders to generate a granular sound field.
		This patcher requires to be loaded by a <o>hoa.process~</o> object to work.
			</description>
		</entry>
		<entry name ="Keywords">
			<description>
			</description>
		</entry>
	</misc>

</c74object>