<?xml version="1.0" encoding="utf-8" standalone="yes"?>
<?xml-stylesheet href="./_c74_ref.xsl" type="text/xsl"?>

<!--This file has been automatically generated by Doctor Max. DO NOT EDIT THIS FILE DIRECTLY.-->

<c74object name="hoa.2d.vector~" module="hoa">

	<digest>
		A 2d soundfield energy and velocity vectors calculator.
	</digest>

	<description>
		<o>hoa.2d.vector~</o> computes the coordinates of the velocity vector and the energy vector that characterize a sound field. It's an useful tool to analyse restitution quality. For futher information see <b>Michael A. Gerzon, General metatheorie of auditory localisation. Audio Engineering Society Preprint, 3306, 1992.</b>
	</description>

	<!--METADATA-->
	<metadatalist>
		<metadata name="author">Julien Colafrancesco, Pierre Guillot, Eliott Paris.</metadata>
		<metadata name="tag">2d</metadata>
		<metadata name="tag">Planewaves</metadata>
		<metadata name="tag">MSP</metadata>
	</metadatalist>

	<!--ARGUMENTS-->
	<objarglist>
		<objarg name="number-of-channels" optional="0" type="int">
			<digest>
				The number of channels
			</digest>
			<description>
				First argument sets the number of channels.
			</description>
		</objarg>
		<objarg name="vector-type" optional="1" type="symbol">
			<digest>
				The vector type.
			</digest>
			<description>
				second argument sets the type of vector to compute (velocity or energy)
			</description>
		</objarg>
	</objarglist>

	<!--MESSAGES-->
	<methodlist>
		<method name="signal">
			<arglist />
			<digest>
				Array of channels signals.
			</digest>
			<description>
				Array of channels signals.
			</description>
		</method>
	</methodlist>

	<!--ATTRIBUTES-->
	<attributelist>
		<attribute name="angles" get="1" set="1" type="float_array" size="0">
			<digest>
				Angles of Channels
			</digest>
			<description>
				The angles of the channels. Angles are in degree wrapped between 0. and 360.
			</description>
			<attributelist>
				<attribute name="category" get="1" set="1" type="symbol" size="1" value="Planewaves" />
				<attribute name="label" get="1" set="1" type="symbol" size="1" value="Angles of Channels" />
				<attribute name="style" get="1" set="1" type="symbol" size="1" value="text" />
			</attributelist>
		</attribute>
		<attribute name="channels" get="1" set="1" type="int" size="1">
			<digest>
				Number of Channels
			</digest>
			<description>
				The number of channels.
			</description>
			<attributelist>
				<attribute name="category" get="1" set="1" type="symbol" size="1" value="Planewaves" />
				<attribute name="label" get="1" set="1" type="symbol" size="1" value="Number of Channels" />
				<attribute name="style" get="1" set="1" type="symbol" size="1" value="text" />
			</attributelist>
		</attribute>
		<attribute name="offset" get="1" set="1" type="float" size="1">
			<digest>
				Offset of Channels
			</digest>
			<description>
				The offset of the channels.
			</description>
			<attributelist>
				<attribute name="category" get="1" set="1" type="symbol" size="1" value="Planewaves" />
				<attribute name="label" get="1" set="1" type="symbol" size="1" value="Offset of Channels" />
				<attribute name="paint" get="1" set="1" type="int" size="1" value="1" />
				<attribute name="style" get="1" set="1" type="symbol" size="1" value="text" />
			</attributelist>
		</attribute>
	</attributelist>

	<!--DISCUSSION-->
	<discussion>
		<o>hoa.2d.vector~</o> computes the coordinates of the velocity vector and the energy vector that characterize a sound field. It's an useful tool to analyse restitution quality. For futher information see <b>Michael A. Gerzon, General metatheorie of auditory localisation. Audio Engineering Society Preprint, 3306, 1992.</b>
	</discussion>

	<!--SEEALSO-->
	<seealsolist>
		<seealso name="hoa.2d.meter~" />
		<seealso name="hoa.2d.scope~" />
		<seealso name="hoa.2d.decoder~" />
		<seealso name="hoa.3d.vector~" />
	</seealsolist>

	<misc name = "Discussion">
		<entry name ="More details">
			<description>
		<o>hoa.2d.vector~</o> computes the coordinates of the velocity vector and the energy vector that characterize a sound field. It's an useful tool to analyse restitution quality. For futher information see <b>Michael A. Gerzon, General metatheorie of auditory localisation. Audio Engineering Society Preprint, 3306, 1992.</b>
			</description>
		</entry>
		<entry name ="Keywords">
			<description>
			</description>
		</entry>
	</misc>

</c74object>