<?xml version="1.0" encoding="utf-8" standalone="yes"?>
<?xml-stylesheet href="./_c74_ref.xsl" type="text/xsl"?>

<!--This file has been automatically generated by Doctor Max. DO NOT EDIT THIS FILE DIRECTLY.-->

<c74object name="hoa.in~" module="hoa">

	<digest>
		signal inlet for a patcher loaded by hoa.process~
	</digest>

	<description>
		<o>hoa.in~</o> defines a signal inlet for a patcher loaded by a <o>hoa.process~</o> object.
	</description>

	<!--METADATA-->
	<metadatalist>
		<metadata name="author">Julien Colafrancesco, Pierre Guillot, Eliott Paris.</metadata>
		<metadata name="tag">Process</metadata>
		<metadata name="tag">Utility</metadata>
		<metadata name="tag">Patching</metadata>
		<metadata name="tag">MSP</metadata>
		<metadata name="tag">IO</metadata>
	</metadatalist>

	<!--INLETS-->
	<inletlist>
		<inlet id="0" type="INLET_TYPE">
			<digest>
				output signal from a hoa.process~ object's inlet
			</digest>
			<description>
			</description>
		</inlet>
	</inletlist>

	<!--ARGUMENTS-->
	<objarglist>
	</objarglist>

	<!--MESSAGES-->
	<methodlist>
	</methodlist>

	<!--ATTRIBUTES-->
	<attributelist>
		<attribute name="comment" get="1" set="1" type="symbol" size="1">
			<digest>
				Description
			</digest>
			<description>
				Sets a description to the inlet which will be shown in the assist inlet of the <o>hoa.process~</o> that load this <o>hoa.in~</o>.
				Only works if the <m>extra</m> parameter is greater than 0.
			</description>
			<attributelist>
				<attribute name="label" get="1" set="1" type="symbol" size="1" value="Description" />
				<attribute name="save" get="1" set="1" type="int" size="1" value="1" />
				<attribute name="style" get="1" set="1" type="symbol" size="1" value="text" />
			</attributelist>
		</attribute>
		<attribute name="extra" get="1" set="1" type="int" size="1">
			<digest>
				param index
			</digest>
			<description>
				Defines an extra inlet. Extra inlet are added to the "normal" instance inlet and can be used to send signal to all instances.
			</description>
			<attributelist>
				<attribute name="label" get="1" set="1" type="symbol" size="1" value="param index" />
				<attribute name="save" get="1" set="1" type="int" size="1" value="1" />
				<attribute name="style" get="1" set="1" type="symbol" size="1" value="text" />
			</attributelist>
		</attribute>
	</attributelist>

	<!--DISCUSSION-->
	<discussion>
		<o>hoa.in~</o> defines a signal inlet for a patcher loaded by a <o>hoa.process~</o> object.
	</discussion>

	<!--SEEALSO-->
	<seealsolist>
		<seealso name="hoa.process~" />
		<seealso name="hoa.in" />
		<seealso name="hoa.out~" />
		<seealso name="hoa.out" />
	</seealsolist>

	<misc name = "Input">
		<entry name ="Inlet 1 (signal)">
			<description>
				output signal from a hoa.process~ object's inlet.
			</description>
		</entry>
	</misc>

	<misc name = "Discussion">
		<entry name ="More details">
			<description>
		<o>hoa.in~</o> defines a signal inlet for a patcher loaded by a <o>hoa.process~</o> object.
			</description>
		</entry>
		<entry name ="Keywords">
			<description>
			</description>
		</entry>
	</misc>

</c74object>