<?xml version="1.0" encoding="utf-8" standalone="yes"?>
<?xml-stylesheet href="./_c74_ref.xsl" type="text/xsl"?>

<!--This file has been automatically generated by Doctor Max. DO NOT EDIT THIS FILE DIRECTLY.-->

<c74object name="hoa.2d.exchanger~" module="hoa">

	<digest>
		Renumbers and normalizes the channels.
	</digest>

	<description>
		<o>hoa.2d.exchanger~</o> renumbers and normalizes the channels.
	</description>

	<!--METADATA-->
	<metadatalist>
		<metadata name="author">Julien Colafrancesco, Pierre Guillot, Eliott Paris.</metadata>
		<metadata name="tag">2d</metadata>
		<metadata name="tag">Ambisonics</metadata>
		<metadata name="tag">MSP</metadata>
	</metadatalist>

	<!--INLETS-->
	<inletlist>
		<inlet id="0" type="INLET_TYPE">
			<digest>
				
			</digest>
			<description>
			</description>
		</inlet>
	</inletlist>

	<!--ARGUMENTS-->
	<objarglist>
		<objarg name="decomposition-order" optional="0" type="int">
			<digest>
				The ambisonic order of decomposition
			</digest>
			<description>
				First argument is the ambisonic order of decomposition.
			</description>
		</objarg>
		<objarg name="numbering" optional="1" type="symbol">
			<digest>
				The numbering format.
			</digest>
			<description>
				numbering format can be "toFurseMalham", "toSID", "fromFurseMalham", "fromSID"
			</description>
		</objarg>
		<objarg name="normalisation" optional="1" type="symbol">
			<digest>
				The normalisation format.
			</digest>
			<description>
				numbering format can be "toMaxN", "fromMaxN".
				Numbering and Normalisation args can be combined into a single as follows : "toBFormat" (aka. toFurseMalham toMaxN), "fromBFormat" (aka. fromFurseMalham fromMaxN).
			</description>
		</objarg>
	</objarglist>

	<!--MESSAGES-->
	<methodlist>
		<method name="signal">
			<arglist />
			<digest>
				Array of circular harmonic signals.
			</digest>
			<description>
				Array of circular harmonic signals.
			</description>
		</method>
	</methodlist>

	<!--ATTRIBUTES-->
	<attributelist>
	</attributelist>

	<!--DISCUSSION-->
	<discussion>
		The library default normalization is SN3D and the numbering is ACN (cf tutorials). The exchangers will always convert from or to the standard. The exchanger can take one or two arguments for the numbering and the normalization. For further information <a href="http://en.wikipedia.org/wiki/Ambisonic_data_exchange_formats">click here</a>.
	</discussion>

	<!--SEEALSO-->
	<seealsolist>
		<seealso name="hoa.3d.exchanger~" />
		<seealso name="hoa.2d.decoder~" />
		<seealso name="hoa.2d.encoder~" />
	</seealsolist>

	<misc name = "Input">
		<entry name ="Inlet 1">
			<description>
				.
			</description>
		</entry>
	</misc>

	<misc name = "Discussion">
		<entry name ="More details">
			<description>
		The library default normalization is SN3D and the numbering is ACN (cf tutorials). The exchangers will always convert from or to the standard. The exchanger can take one or two arguments for the numbering and the normalization. For further information <a href="http://en.wikipedia.org/wiki/Ambisonic_data_exchange_formats">click here</a>.
			</description>
		</entry>
		<entry name ="Keywords">
			<description>
			</description>
		</entry>
	</misc>

</c74object>