<?xml version="1.0" encoding="utf-8" standalone="yes"?>
<?xml-stylesheet href="./_c74_ref.xsl" type="text/xsl"?>

<!--This file has been automatically generated by Doctor Max. DO NOT EDIT THIS FILE DIRECTLY.-->

<c74object name="hoa.send~" module="hoa">

	<digest>
		A multichannel version of the <o>send~</o> object.
	</digest>

	<description>
		<o>hoa.send~</o> is a multichannel version of the <o>send~</o> object.
		This patcher requires to be loaded by a <o>hoa.process~</o> object to work.
	</description>

	<!--METADATA-->
	<metadatalist>
		<metadata name="author">Julien Colafrancesco, Pierre Guillot, Eliott Paris.</metadata>
		<metadata name="tag">Process</metadata>
		<metadata name="tag">MSP</metadata>
		<metadata name="tag">abstraction</metadata>
	</metadatalist>

	<!--ARGUMENTS-->
	<objarglist>
	</objarglist>

	<!--MESSAGES-->
	<methodlist>
	</methodlist>

	<!--ATTRIBUTES-->
	<attributelist>
		<attribute name="name" get="1" set="1" type="symbol" size="1">
			<digest>
				Send~ name
			</digest>
			<description>
			</description>
			<attributelist>
				<attribute name="label" get="1" set="1" type="symbol" size="1" value="Send~ name" />
				<attribute name="style" get="1" set="1" type="symbol" size="1" value="text" />
			</attributelist>
		</attribute>
	</attributelist>

	<!--DISCUSSION-->
	<discussion>
		<o>hoa.send~</o> is a multichannel version of the <o>send~</o> object.
		This patcher requires to be loaded by a <o>hoa.process~</o> object to work.
	</discussion>

	<!--SEEALSO-->
	<seealsolist>
		<seealso name="send~" />
		<seealso name="hoa.send~~" />
		<seealso name="hoa.send~" />
		<seealso name="hoa.send" />
	</seealsolist>

	<misc name = "Discussion">
		<entry name ="More details">
			<description>
		<o>hoa.send~</o> is a multichannel version of the <o>send~</o> object.
		This patcher requires to be loaded by a <o>hoa.process~</o> object to work.
			</description>
		</entry>
		<entry name ="Keywords">
			<description>
			</description>
		</entry>
	</misc>

</c74object>