<?xml version="1.0" encoding="utf-8" standalone="yes"?>
<?xml-stylesheet href="./_c74_ref.xsl" type="text/xsl"?>

<!--This file has been automatically generated by Doctor Max. DO NOT EDIT THIS FILE DIRECTLY.-->

<c74object name="hoa.3d.decoder~" module="hoa">

	<digest>
		A 3d ambisonic decoder.
	</digest>

	<description>
		<o>hoa.3d.decoder~</o> decodes an ambisonics soundfield for several loudspeakers configuration or for headphones. First argument is the ambisonic order of decomposition. The number of channels, the offset, the angles can be set with attributes.
	</description>

	<!--METADATA-->
	<metadatalist>
		<metadata name="author">Julien Colafrancesco, Pierre Guillot, Eliott Paris.</metadata>
		<metadata name="tag">3d</metadata>
		<metadata name="tag">Ambisonics</metadata>
		<metadata name="tag">Planewaves</metadata>
		<metadata name="tag">MSP</metadata>
	</metadatalist>

	<!--ARGUMENTS-->
	<objarglist>
		<objarg name="decomposition-order" optional="0" type="int">
			<digest>
				The ambisonic order of decomposition
			</digest>
			<description>
				First argument is the ambisonic order of decomposition.
			</description>
		</objarg>
	</objarglist>

	<!--MESSAGES-->
	<methodlist>
		<method name="signal">
			<arglist />
			<digest>
				Array of spherical harmonic signals to decode for a set of loudspeakers.
			</digest>
			<description>
				Array of spherical harmonic signals to decode for a set of loudspeakers.
			</description>
		</method>
	</methodlist>

	<!--ATTRIBUTES-->
	<attributelist>
		<attribute name="angles" get="1" set="1" type="float_array" size="0">
			<digest>
				Angles of Channels
			</digest>
			<description>
				Set the angles of each channels in degrees. The angles of channels are only settable in <b>irregular</b> <m>mode</m>. Each angles are in degrees, wrapped between 0. and 360. You must specify 2 values per channel corresponding to the azimuth value followed by the elevation value.
			</description>
			<attributelist>
				<attribute name="label" get="1" set="1" type="symbol" size="1" value="Angles of Channels" />
				<attribute name="style" get="1" set="1" type="symbol" size="1" value="text" />
			</attributelist>
		</attribute>
		<attribute name="channels" get="1" set="1" type="int" size="1">
			<digest>
				Number of Channels
			</digest>
			<description>
				The number of channels.
			</description>
			<attributelist>
				<attribute name="label" get="1" set="1" type="symbol" size="1" value="Number of Channels" />
				<attribute name="style" get="1" set="1" type="symbol" size="1" value="text" />
			</attributelist>
		</attribute>
		<attribute name="crop" get="1" set="1" type="int" size="1">
			<digest>
				Crop of the Responses
			</digest>
			<description>
				The crop attribute can be used in binaural mode to reduce the CPU usage by cropping the impulse responses (between 0 and 512) 0 means no crop
			</description>
			<attributelist>
				<attribute name="label" get="1" set="1" type="symbol" size="1" value="Crop of the Responses" />
				<attribute name="style" get="1" set="1" type="symbol" size="1" value="text" />
			</attributelist>
		</attribute>
		<attribute name="mode" get="1" set="1" type="symbol" size="1">
			<digest>
				Mode
			</digest>
			<description>
				There is two decoding <m>mode</m> :
				<ul>
				<li><b>regular</b> : for a regular or irregular loudspeakers repartition over a sphere.</li>
				<li><b>binaural</b> : for headphones.</li>
				</ul>
			</description>
			<attributelist>
				<attribute name="label" get="1" set="1" type="symbol" size="1" value="Mode" />
				<attribute name="style" get="1" set="1" type="symbol" size="1" value="text" />
			</attributelist>
		</attribute>
		<attribute name="offset" get="1" set="1" type="float_array" size="0">
			<digest>
				Offset of Channels
			</digest>
			<description>
				Set the offsets of channels with a list of 2 float values corresponding to the azimuth and elevation offset, in degrees between 0. and 360.
			</description>
			<attributelist>
				<attribute name="label" get="1" set="1" type="symbol" size="1" value="Offset of Channels" />
				<attribute name="style" get="1" set="1" type="symbol" size="1" value="text" />
			</attributelist>
		</attribute>
	</attributelist>

	<!--DISCUSSION-->
	<discussion>
		<o>hoa.3d.decoder~</o> decodes an ambisonics soundfield for several loudspeakers configuration or for headphones. First argument is the ambisonic order of decomposition. The number of channels, the offset, the angles can be set with attributes.
	</discussion>

	<!--SEEALSO-->
	<seealsolist>
		<seealso name="hoa.2d.decoder~" />
		<seealso name="hoa.3d.encoder~" />
		<seealso name="hoa.3d.map~" />
		<seealso name="hoa.3d.optim~" />
		<seealso name="hoa.3d.scope~" />
		<seealso name="hoa.3d.wider~" />
		<seealso name="hoa.dac~" />
	</seealsolist>

	<misc name = "Discussion">
		<entry name ="More details">
			<description>
		<o>hoa.3d.decoder~</o> decodes an ambisonics soundfield for several loudspeakers configuration or for headphones. First argument is the ambisonic order of decomposition. The number of channels, the offset, the angles can be set with attributes.
			</description>
		</entry>
		<entry name ="Keywords">
			<description>
			</description>
		</entry>
	</misc>

</c74object>