<?xml version="1.0" encoding="utf-8" standalone="yes"?>
<?xml-stylesheet href="./_c74_ref.xsl" type="text/xsl"?>

<!--This file has been automatically generated by Doctor Max. DO NOT EDIT THIS FILE DIRECTLY.-->

<c74object name="hoa.fx.convolve~" module="hoa">

	<digest>
		A multichannel zero latency convolution reverberation processor.
	</digest>

	<description>
		<o>hoa.fx.convolve~</o> is a multichannel zero latency convolution reverberation processor.
		This patcher requires to be loaded by a <o>hoa.process~</o> object to work.
	</description>

	<!--METADATA-->
	<metadatalist>
		<metadata name="author">Julien Colafrancesco, Pierre Guillot, Eliott Paris.</metadata>
		<metadata name="tag">Process</metadata>
		<metadata name="tag">MSP</metadata>
		<metadata name="tag">abstraction</metadata>
	</metadatalist>

	<!--ARGUMENTS-->
	<objarglist>
	</objarglist>

	<!--MESSAGES-->
	<methodlist>
	</methodlist>

	<!--ATTRIBUTES-->
	<attributelist>
		<attribute name="buffer" get="1" set="1" type="symbol" size="1">
			<digest>
				Buffer~ Object Name
			</digest>
			<description>
			</description>
			<attributelist>
				<attribute name="label" get="1" set="1" type="symbol" size="1" value="Buffer~ Object Name" />
				<attribute name="style" get="1" set="1" type="symbol" size="1" value="text" />
			</attributelist>
		</attribute>
		<attribute name="channel" get="1" set="1" type="int" size="1">
			<digest>
				Channel
			</digest>
			<description>
			</description>
			<attributelist>
				<attribute name="default" get="1" set="1" type="int" size="1" value="1" />
				<attribute name="label" get="1" set="1" type="symbol" size="1" value="Channel" />
				<attribute name="style" get="1" set="1" type="symbol" size="1" value="text" />
			</attributelist>
		</attribute>
		<attribute name="cropsize" get="1" set="1" type="atom" size="1">
			<digest>
				Crop size (ms)
			</digest>
			<description>
			</description>
			<attributelist>
				<attribute name="default" get="1" set="1" type="atom" size="1" value="3000." />
				<attribute name="label" get="1" set="1" type="symbol" size="1" value="Crop size (ms)" />
				<attribute name="style" get="1" set="1" type="symbol" size="1" value="text" />
			</attributelist>
		</attribute>
		<attribute name="fftsize" get="1" set="1" type="int" size="1">
			<digest>
				FFT size
			</digest>
			<description>
			</description>
			<attributelist>
				<attribute name="default" get="1" set="1" type="int" size="1" value="1024" />
				<attribute name="label" get="1" set="1" type="symbol" size="1" value="FFT size" />
				<attribute name="style" get="1" set="1" type="symbol" size="1" value="text" />
			</attributelist>
		</attribute>
		<attribute name="normalize" get="1" set="1" type="int" size="1">
			<digest>
				Normalize buffer content
			</digest>
			<description>
			</description>
			<attributelist>
				<attribute name="default" get="1" set="1" type="int" size="1" value="0" />
				<attribute name="label" get="1" set="1" type="symbol" size="1" value="Normalize buffer content" />
				<attribute name="style" get="1" set="1" type="symbol" size="1" value="onoff" />
			</attributelist>
		</attribute>
	</attributelist>

	<!--DISCUSSION-->
	<discussion>
		<o>hoa.fx.convolve~</o> is a multichannel zero latency convolution reverberation processor.
		This patcher requires to be loaded by a <o>hoa.process~</o> object to work.
	</discussion>

	<!--SEEALSO-->
	<seealsolist>
		<seealso name="c.convolve~" />
		<seealso name="hoa.process~" />
		<seealso name="hoa.fx.freeverb~" />
		<seealso name="hoa.fx.decorrelation~" />
		<seealso name="hoa.fx.delay~" />
		<seealso name="hoa.fx.gain~" />
		<seealso name="hoa.fx.grain~" />
		<seealso name="hoa.fx.mirror~" />
		<seealso name="hoa.fx.mixer~" />
	</seealsolist>

	<misc name = "Discussion">
		<entry name ="More details">
			<description>
		<o>hoa.fx.convolve~</o> is a multichannel zero latency convolution reverberation processor.
		This patcher requires to be loaded by a <o>hoa.process~</o> object to work.
			</description>
		</entry>
		<entry name ="Keywords">
			<description>
			</description>
		</entry>
	</misc>

</c74object>