<?xml version="1.0" encoding="utf-8" standalone="yes"?>
<?xml-stylesheet href="./_c74_ref.xsl" type="text/xsl"?>

<!--This file has been automatically generated by Doctor Max. DO NOT EDIT THIS FILE DIRECTLY.-->

<c74object name="hoa.2d.projector~" module="hoa">

	<digest>
		A plane waves decomposer from circular harmonics domain
	</digest>

	<description>
		<o>hoa.2d.projector~</o> discretizes the ambisonic sound field into the plane waves domain. Use <o>hoa.2d.recomposer~</o> object to come back to the harmonics domain.
	</description>

	<!--METADATA-->
	<metadatalist>
		<metadata name="author">Julien Colafrancesco, Pierre Guillot, Eliott Paris.</metadata>
		<metadata name="tag">2d</metadata>
		<metadata name="tag">Ambisonics</metadata>
		<metadata name="tag">Planewaves</metadata>
		<metadata name="tag">MSP</metadata>
	</metadatalist>

	<!--ARGUMENTS-->
	<objarglist>
		<objarg name="decomposition-order" optional="0" type="int">
			<digest>
				The ambisonic order of decomposition
			</digest>
			<description>
				First argument is the ambisonic order of decomposition.
			</description>
		</objarg>
		<objarg name="number-of-channels" optional="0" type="int">
			<digest>
				The number of channels
			</digest>
			<description>
				Second argument sets the number of channels.
			</description>
		</objarg>
	</objarglist>

	<!--MESSAGES-->
	<methodlist>
		<method name="signal">
			<arglist />
			<digest>
				Array of circular harmonic signals to be projected.
			</digest>
			<description>
				Array of circular harmonic signals to be projected.
			</description>
		</method>
	</methodlist>

	<!--ATTRIBUTES-->
	<attributelist>
	</attributelist>

	<!--DISCUSSION-->
	<discussion>
		<o>hoa.2d.projector~</o> discretizes the ambisonic sound field into the plane waves domain. Use <o>hoa.2d.recomposer~</o> object to come back to the harmonics domain.
	</discussion>

	<!--SEEALSO-->
	<seealsolist>
		<seealso name="hoa.2d.recomposer~" />
		<seealso name="hoa.2d.recomposer" />
		<seealso name="hoa.2d.space" />
		<seealso name="hoa.fx.gain~" />
		<seealso name="hoa.fx.delay~" />
		<seealso name="hoa.2d.wider~" />
		<seealso name="hoa.2d.encoder~" />
		<seealso name="hoa.2d.decoder~" />
		<seealso name="hoa.process~" />
		<seealso name="hoa.2d.meter~" />
		<seealso name="hoa.2d.scope~" />
	</seealsolist>

	<misc name = "Discussion">
		<entry name ="More details">
			<description>
		<o>hoa.2d.projector~</o> discretizes the ambisonic sound field into the plane waves domain. Use <o>hoa.2d.recomposer~</o> object to come back to the harmonics domain.
			</description>
		</entry>
		<entry name ="Keywords">
			<description>
			</description>
		</entry>
	</misc>

</c74object>