<?xml version="1.0" encoding="utf-8" standalone="yes"?>
<?xml-stylesheet href="./_c74_ref.xsl" type="text/xsl"?>

<!--This file has been automatically generated by Doctor Max. DO NOT EDIT THIS FILE DIRECTLY.-->

<c74object name="hoa.2d.encoder~" module="hoa">

	<digest>
		A 2d ambisonic encoder.
	</digest>

	<description>
		<o>hoa.2d.encoder~</o> creates the circular harmonics of a signal depending on a given order (arg 1) and a position on a circle given in radians (right inlet).
	</description>

	<!--METADATA-->
	<metadatalist>
		<metadata name="author">Julien Colafrancesco, Pierre Guillot, Eliott Paris.</metadata>
		<metadata name="tag">2d</metadata>
		<metadata name="tag">Ambisonics</metadata>
		<metadata name="tag">MSP</metadata>
	</metadatalist>

	<!--ARGUMENTS-->
	<objarglist>
		<objarg name="decomposition-order" optional="0" type="int">
			<digest>
				The ambisonic order of decomposition
			</digest>
			<description>
				First argument is the ambisonic order of decomposition.
			</description>
		</objarg>
	</objarglist>

	<!--MESSAGES-->
	<methodlist>
		<method name="float">
			<arg name="azimuth" optional="0" type="float" />
			<digest>
				Set the azimuth of the encoding in radians
			</digest>
			<description>
				The <m>float</m> method sets the azimuth of the encoding in radians (between 0. and 2π).
			</description>
		</method>
		<method name="int">
			<arg name="azimuth" optional="0" type="int" />
			<digest>
				Set the azimuth of the encoding in radians
			</digest>
			<description>
				The <m>int</m> method sets the azimuth of the encoding in radians (between 0 and 2π).
			</description>
		</method>
		<method name="signal">
			<arglist />
			<digest>
				Signal to encode / azimuth of the encoding in radians.
			</digest>
			<description>
				In the left inlet, the signal to encode. In The right inlet : set the azimuth of the encoding in radians
			</description>
		</method>
	</methodlist>

	<!--ATTRIBUTES-->
	<attributelist>
	</attributelist>

	<!--DISCUSSION-->
	<discussion>
		<o>hoa.2d.encoder~</o> creates the circular harmonics of a signal depending on a given order (arg 1) and a position on a circle given in radians (right inlet).
	</discussion>

	<!--SEEALSO-->
	<seealsolist>
		<seealso name="hoa.2d.map~" />
		<seealso name="hoa.2d.decoder~" />
		<seealso name="hoa.3d.encoder~" />
	</seealsolist>

	<misc name = "Discussion">
		<entry name ="More details">
			<description>
		<o>hoa.2d.encoder~</o> creates the circular harmonics of a signal depending on a given order (arg 1) and a position on a circle given in radians (right inlet).
			</description>
		</entry>
		<entry name ="Keywords">
			<description>
			</description>
		</entry>
	</misc>

</c74object>