<?xml version="1.0" encoding="utf-8" standalone="yes"?>
<?xml-stylesheet href="./_c74_ref.xsl" type="text/xsl"?>

<!--This file has been automatically generated by Doctor Max. DO NOT EDIT THIS FILE DIRECTLY.-->

<c74object name="hoa.connect" module="hoa">

	<digest>
		Automatically connect several hoa objects together.
	</digest>

	<description>
		<o>hoa.connect</o> automatically connects several hoa objects together and colors patchlines.
	</description>

	<!--METADATA-->
	<metadatalist>
		<metadata name="author">Julien Colafrancesco, Pierre Guillot, Eliott Paris.</metadata>
		<metadata name="tag">2d</metadata>
		<metadata name="tag">3d</metadata>
		<metadata name="tag">Utility</metadata>
		<metadata name="tag">Patching</metadata>
	</metadatalist>

	<!--INLETS-->
	<inletlist>
		<inlet id="0" type="INLET_TYPE">
			<digest>
				bang to connect objects and color patchlines
			</digest>
			<description>
			</description>
		</inlet>
	</inletlist>

	<!--ARGUMENTS-->
	<objarglist>
	</objarglist>

	<!--MESSAGES-->
	<methodlist>
		<method name="bang">
			<arglist />
			<digest>
				trigger autoconnection and color
			</digest>
			<description>
				The <m>bang</m> message connect all of the appropriate selected hoa objects together
			</description>
		</method>
	</methodlist>

	<!--ATTRIBUTES-->
	<attributelist>
		<attribute name="nhcolor" get="1" set="1" type="" size="1">
			<digest>
				negative harmonics color
			</digest>
			<description>
				Sets the RGBA values for the negative harmonics color of the ambisonic domain patchlines
			</description>
			<attributelist>
				<attribute name="label" get="1" set="1" type="symbol" size="1" value="negative harmonics color" />
				<attribute name="save" get="1" set="1" type="int" size="1" value="1" />
				<attribute name="style" get="1" set="1" type="symbol" size="1" value="rgba" />
			</attributelist>
		</attribute>
		<attribute name="phcolor" get="1" set="1" type="" size="1">
			<digest>
				positive harmonics color
			</digest>
			<description>
				Sets the RGBA values for the positive harmonics color of the ambisonic domain patchlines
			</description>
			<attributelist>
				<attribute name="label" get="1" set="1" type="symbol" size="1" value="positive harmonics color" />
				<attribute name="save" get="1" set="1" type="int" size="1" value="1" />
				<attribute name="style" get="1" set="1" type="symbol" size="1" value="rgba" />
			</attributelist>
		</attribute>
		<attribute name="planecolor" get="1" set="1" type="" size="1">
			<digest>
				planewaves signals color
			</digest>
			<description>
				Sets the RGBA values for the planewaves signals color of the planewaves domain patchlines
			</description>
			<attributelist>
				<attribute name="label" get="1" set="1" type="symbol" size="1" value="planewaves signals color" />
				<attribute name="save" get="1" set="1" type="int" size="1" value="1" />
				<attribute name="style" get="1" set="1" type="symbol" size="1" value="rgba" />
			</attributelist>
		</attribute>
		<attribute name="zhcolor" get="1" set="1" type="" size="1">
			<digest>
				zero harmonics color
			</digest>
			<description>
				Sets the RGBA values for the zero harmonics color of the ambisonic domain patchlines
			</description>
			<attributelist>
				<attribute name="label" get="1" set="1" type="symbol" size="1" value="zero harmonics color" />
				<attribute name="save" get="1" set="1" type="int" size="1" value="1" />
				<attribute name="style" get="1" set="1" type="symbol" size="1" value="rgba" />
			</attributelist>
		</attribute>
	</attributelist>

	<!--DISCUSSION-->
	<discussion>
		<o>hoa.connect</o> automatically connects several hoa objects together and colors patchlines.
	</discussion>

	<!--SEEALSO-->
	<seealsolist>
		<seealso name="hoa.process~" />
	</seealsolist>

	<misc name = "Input">
		<entry name ="Inlet 1 (bang)">
			<description>
				bang to connect objects and color patchlines.
			</description>
		</entry>
	</misc>

	<misc name = "Discussion">
		<entry name ="More details">
			<description>
		<o>hoa.connect</o> automatically connects several hoa objects together and colors patchlines.
			</description>
		</entry>
		<entry name ="Keywords">
			<description>
			</description>
		</entry>
	</misc>

</c74object>