<?xml version="1.0" encoding="utf-8" standalone="yes"?>
<?xml-stylesheet href="./_c74_ref.xsl" type="text/xsl"?>

<!--This file has been automatically generated by Doctor Max. DO NOT EDIT THIS FILE DIRECTLY.-->

<c74object name="hoa.pi~" module="hoa">

	<digest>
		π signal constant.
	</digest>

	<description>
		<o>hoa.pi~</o> is for people that never remember more than 4 decimals or want to initialize a good π number.
	</description>

	<!--METADATA-->
	<metadatalist>
		<metadata name="author">Julien Colafrancesco, Pierre Guillot, Eliott Paris.</metadata>
		<metadata name="tag">Utility</metadata>
		<metadata name="tag">Maths</metadata>
		<metadata name="tag">MSP</metadata>
	</metadatalist>

	<!--INLETS-->
	<inletlist>
		<inlet id="0" type="INLET_TYPE">
			<digest>
				set π multiplier
			</digest>
			<description>
			</description>
		</inlet>
		<inlet id="1" type="INLET_TYPE">
			<digest>
				set phase (wrapped between 0. and 1.)
			</digest>
			<description>
			</description>
		</inlet>
	</inletlist>

	<!--OUTLETS-->
	<outletlist>
		<outlet id="0" type="INLET_TYPE">
			<digest>
				output result
			</digest>
			<description>
			</description>
		</outlet>
	</outletlist>

	<!--ARGUMENTS-->
	<objarglist>
		<objarg name="float" optional="1" type="float">
			<digest>
				π multiplier
			</digest>
			<description>
				First argument is the π multiplier
			</description>
		</objarg>
	</objarglist>

	<!--MESSAGES-->
	<methodlist>
		<method name="float">
			<arg name="value" optional="0" type="float" />
			<digest>
				Set π multiplier or phase
			</digest>
			<description>
				The <m>float</m> message set pi multiplier in the first inlet, the phase in the second one.
			</description>
		</method>
		<method name="int">
			<arg name="value" optional="0" type="int" />
			<digest>
				Set π multiplier or phase
			</digest>
			<description>
				The <m>int</m> message set pi multiplier in the first inlet, the phase in the second one.
			</description>
		</method>
	</methodlist>

	<!--ATTRIBUTES-->
	<attributelist>
	</attributelist>

	<!--DISCUSSION-->
	<discussion>
		<o>hoa.pi~</o> is for people that never remember more than 4 decimals or want to initialize a good π number.
	</discussion>

	<!--SEEALSO-->
	<seealsolist>
		<seealso name="hoa.pi" />
	</seealsolist>

	<misc name = "Input">
		<entry name ="Inlet 1 (signal/float)">
			<description>
				set π multiplier.
			</description>
		</entry>
		<entry name ="Inlet 2 (signal/float)">
			<description>
				set phase (wrapped between 0. and 1.).
			</description>
		</entry>
	</misc>

	<misc name = "Output">
		<entry name ="Outlet 1 (signal)">
			<description>
				output result.
			</description>
		</entry>
	</misc>

	<misc name = "Discussion">
		<entry name ="More details">
			<description>
		<o>hoa.pi~</o> is for people that never remember more than 4 decimals or want to initialize a good π number.
			</description>
		</entry>
		<entry name ="Keywords">
			<description>
			</description>
		</entry>
	</misc>

</c74object>