{
  "hoa.2d.decoder~": {
    "digest": "A 2d ambisonic decoder.",
    "module": "hoa",
    "category": [
      "2d",
      "Ambisonics",
      "Planewaves",
      "MSP"
    ]
  },
  "hoa.2d.encoder~": {
    "digest": "A 2d ambisonic encoder.",
    "module": "hoa",
    "category": [
      "2d",
      "Ambisonics",
      "MSP"
    ]
  },
  "hoa.2d.exchanger~": {
    "digest": "Renumbers and normalizes the channels.",
    "module": "hoa",
    "category": [
      "2d",
      "Ambisonics",
      "MSP"
    ]
  },
  "hoa.2d.map~": {
    "digest": "A 2d ambisonic multisource spatializer.",
    "module": "hoa",
    "category": [
      "2d",
      "Ambisonics",
      "MSP"
    ]
  },
  "hoa.2d.meter~": {
    "digest": "A circular array of visual peak level indicators.",
    "module": "hoa",
    "category": [
      "2d",
      "Planewaves",
      "GUI",
      "MSP"
    ],
    "palette": {
      "category": [
        "2d",
        "Planewaves",
        "GUI",
        "MSP"
      ],
      "action": "hoa.2d.meter~",
      "pic": "hoa.2d.meter~.svg"
    }
  },
  "hoa.2d.optim~": {
    "digest": "A 2d ambisonic signal optimization external.",
    "module": "hoa",
    "category": [
      "2d",
      "Ambisonics",
      "MSP"
    ]
  },
  "hoa.2d.projector~": {
    "digest": "A plane waves decomposer from circular harmonics domain",
    "module": "hoa",
    "category": [
      "2d",
      "Ambisonics",
      "Planewaves",
      "MSP"
    ]
  },
  "hoa.2d.recomposer": {
    "digest": "A Graphical User Interface to manipulate 2d plane waves.",
    "module": "hoa",
    "category": [
      "2d",
      "Ambisonics",
      "Planewaves",
      "GUI"
    ],
    "palette": {
      "category": [
        "2d",
        "Ambisonics",
        "Planewaves",
        "GUI"
      ],
      "action": "hoa.2d.recomposer",
      "pic": "hoa.2d.recomposer.svg"
    }
  },
  "hoa.2d.recomposer~": {
    "digest": "Recomposes a 2d plane wave decomposition into circular harmonics",
    "module": "hoa",
    "category": [
      "2d",
      "Ambisonics",
      "planewaves",
      "MSP"
    ]
  },
  "hoa.2d.rotate~": {
    "digest": "A 2d ambisonic sound field rotation external",
    "module": "hoa",
    "category": [
      "2d",
      "Ambisonics",
      "MSP"
    ]
  },
  "hoa.2d.scope~": {
    "digest": "A 2d ambisonic harmonic scope.",
    "module": "hoa",
    "category": [
      "2d",
      "Ambisonics",
      "GUI",
      "MSP"
    ],
    "palette": {
      "category": [
        "2d",
        "Ambisonics",
        "GUI",
        "MSP"
      ],
      "action": "hoa.2d.scope~",
      "pic": "hoa.2d.scope~.svg"
    }
  },
  "hoa.2d.space": {
    "digest": "A graphic user interface to design plane waves",
    "module": "hoa",
    "category": [
      "2d",
      "Planewaves",
      "GUI"
    ],
    "palette": {
      "category": [
        "2d",
        "Planewaves",
        "GUI"
      ],
      "action": "hoa.2d.space",
      "pic": "hoa.2d.space.svg"
    }
  },
  "hoa.2d.vector~": {
    "digest": "A 2d soundfield energy and velocity vectors calculator.",
    "module": "hoa",
    "category": [
      "2d",
      "Planewaves",
      "MSP"
    ]
  },
  "hoa.2d.wider~": {
    "digest": "A 2d fractional ambisonic order simulator",
    "module": "hoa",
    "category": [
      "2d",
      "Ambisonics",
      "MSP"
    ]
  },
  "hoa.3d.decoder~": {
    "digest": "A 3d ambisonic decoder.",
    "module": "hoa",
    "category": [
      "3d",
      "Ambisonics",
      "Planewaves",
      "MSP"
    ]
  },
  "hoa.3d.encoder~": {
    "digest": "A 3d ambisonic encoder.",
    "module": "hoa",
    "category": [
      "3d",
      "Ambisonics",
      "MSP"
    ]
  },
  "hoa.3d.exchanger~": {
    "digest": "Renumbers and normalizes the channels.",
    "module": "hoa",
    "category": [
      "3d",
      "Ambisonics",
      "MSP"
    ]
  },
  "hoa.3d.map~": {
    "digest": "A 3d ambisonic multisource spatializer",
    "module": "hoa",
    "category": [
      "3d",
      "Ambisonics",
      "MSP"
    ]
  },
  "hoa.3d.meter~": {
    "digest": "Displays the peak level indicators for a spherical array of loudspeakers",
    "module": "hoa",
    "category": [
      "3d",
      "Planewaves",
      "GUI",
      "MSP"
    ],
    "palette": {
      "category": [
        "3d",
        "Planewaves",
        "GUI",
        "MSP"
      ],
      "action": "hoa.3d.meter~",
      "pic": "hoa.3d.meter~.svg"
    }
  },
  "hoa.3d.optim~": {
    "digest": "A 3d ambisonic optimization tool",
    "module": "hoa",
    "category": [
      "3d",
      "Ambisonics",
      "MSP"
    ]
  },
  "hoa.3d.scope~": {
    "digest": "A spherical harmonic visualizer",
    "module": "hoa",
    "category": [
      "3d",
      "Ambisonics",
      "GUI",
      "MSP"
    ],
    "palette": {
      "category": [
        "3d",
        "Ambisonics",
        "GUI",
        "MSP"
      ],
      "action": "hoa.3d.scope~",
      "pic": "hoa.3d.scope~.svg"
    }
  },
  "hoa.3d.vector~": {
    "digest": "A 3d soundfield energy and velocity vectors calculator.",
    "module": "hoa",
    "category": [
      "3d",
      "Planewaves",
      "MSP"
    ]
  },
  "hoa.3d.wider~": {
    "digest": "A 3d fractional ambisonic order simulator",
    "module": "hoa",
    "category": [
      "3d",
      "Ambisonics",
      "MSP"
    ]
  },
  "c.convolve~": {
    "digest": "A zero latency convolution reverberation processor",
    "module": "hoa",
    "category": [
      "Other",
      "MSP"
    ]
  },
  "c.freeverb~": {
    "digest": "A freeverb reverberation processor implementation",
    "module": "hoa",
    "category": [
      "Other",
      "MSP"
    ]
  },
  "hoa.connect": {
    "digest": "Automatically connect several hoa objects together.",
    "module": "hoa",
    "category": [
      "2d",
      "3d",
      "Utility",
      "Patching"
    ]
  },
  "hoa.dac~": {
    "digest": "A custom dac~ object with MathLab syntax.",
    "module": "hoa",
    "category": [
      "Utility",
      "Patching",
      "MSP",
      "IO"
    ]
  },
  "hoa.gain~": {
    "digest": "A multichannel gain~ object.",
    "module": "hoa",
    "category": [
      "Utility",
      "MSP",
      "GUI"
    ],
    "palette": {
      "category": [
        "Utility",
        "MSP",
        "GUI"
      ],
      "action": "hoa.gain~",
      "pic": "hoa.gain~.svg"
    }
  },
  "hoa.in": {
    "digest": "message inlet for a patcher loaded by hoa.process~",
    "module": "hoa",
    "category": [
      "Process",
      "Utility",
      "Patching",
      "IO"
    ]
  },
  "hoa.in~": {
    "digest": "signal inlet for a patcher loaded by hoa.process~",
    "module": "hoa",
    "category": [
      "Process",
      "Utility",
      "Patching",
      "MSP",
      "IO"
    ]
  },
  "hoa.map": {
    "digest": "A graphic user interface to spatialize sources.",
    "module": "hoa",
    "category": [
      "2d",
      "3d",
      "GUI"
    ],
    "palette": {
      "category": [
        "2d",
        "3d",
        "GUI"
      ],
      "action": "hoa.map",
      "pic": "hoa.map.svg"
    }
  },
  "hoa.out": {
    "digest": "message outlet for a patcher loaded by hoa.process~",
    "module": "hoa",
    "category": [
      "Process",
      "Utility",
      "Patching",
      "IO"
    ]
  },
  "hoa.out~": {
    "digest": "signal outlet for a patcher loaded by hoa.process~",
    "module": "hoa",
    "category": [
      "Process",
      "Utility",
      "Patching",
      "MSP",
      "IO"
    ]
  },
  "hoa.pi": {
    "digest": "π constant.",
    "module": "hoa",
    "category": [
      "Utility",
      "Maths"
    ]
  },
  "hoa.pi~": {
    "digest": "π signal constant.",
    "module": "hoa",
    "category": [
      "Utility",
      "Maths",
      "MSP"
    ]
  },
  "hoa.process~": {
    "digest": "patcher loader for multichannel processing.",
    "module": "hoa",
    "category": [
      "2d",
      "3d",
      "Process",
      "Utility",
      "Ambisonics",
      "Planewaves",
      "Patching",
      "MSP"
    ]
  },
  "hoa.thisprocess~": {
    "digest": "Control hoa.process~ voice allocation, muting, argument and attributes.",
    "module": "hoa",
    "category": [
      "2d",
      "3d",
      "Process",
      "Utility",
      "Patching",
      "MSP"
    ]
  },
  "hoa.fx.convolve~": {
    "digest": "A multichannel zero latency convolution reverberation processor.",
    "module": "hoa",
    "category": [
      "Process",
      "MSP",
      "abstraction"
    ]
  },
  "hoa.fx.decorrelation~": {
    "digest": "A multichannel decorrelator processor.",
    "module": "hoa",
    "category": [
      "Process",
      "MSP",
      "abstraction"
    ]
  },
  "hoa.fx.delay~": {
    "digest": "A delay sound field diffuser.",
    "module": "hoa",
    "category": [
      "Process",
      "MSP",
      "abstraction"
    ]
  },
  "hoa.fx.dephaser~": {
    "digest": "A fft dephaser.",
    "module": "hoa",
    "category": [
      "Process",
      "MSP",
      "abstraction"
    ]
  },
  "hoa.fx.freeverb~": {
    "digest": "A freeverb reverberation for sound fields.",
    "module": "hoa",
    "category": [
      "Process",
      "MSP",
      "abstraction"
    ]
  },
  "hoa.fx.gain~": {
    "digest": "A mulichannel gain manager.",
    "module": "hoa",
    "category": [
      "Process",
      "MSP",
      "abstraction"
    ]
  },
  "hoa.fx.grain~": {
    "digest": "A multichannel granulator processor.",
    "module": "hoa",
    "category": [
      "Process",
      "MSP",
      "abstraction"
    ]
  },
  "hoa.fx.hiss.convolve~": {
    "digest": "A multichannel zero latency and high optimized convolution processor (thanks to the use of the multiconvolve~ object by Alex Harker and Pierre Alexandre Tremblay).",
    "module": "hoa",
    "category": [
      "Process",
      "MSP",
      "abstraction"
    ]
  },
  "hoa.fx.mirror~": {
    "digest": "An ambisonic sound field mirror processor.",
    "module": "hoa",
    "category": [
      "Process",
      "MSP",
      "abstraction"
    ]
  },
  "hoa.fx.mixer~": {
    "digest": "An ambisonic harmonic mixer.",
    "module": "hoa",
    "category": [
      "Process",
      "MSP",
      "abstraction"
    ]
  },
  "hoa.fx.ringmod~": {
    "digest": "A ring modulation sound field diffuser.",
    "module": "hoa",
    "category": [
      "Process",
      "MSP",
      "abstraction"
    ]
  },
  "hoa.receive~": {
    "digest": "A multichannel version of the <o>receive~</o> object.",
    "module": "hoa",
    "category": [
      "Process",
      "MSP",
      "abstraction"
    ]
  },
  "hoa.send~": {
    "digest": "A multichannel version of the <o>send~</o> object.",
    "module": "hoa",
    "category": [
      "Process",
      "MSP",
      "abstraction"
    ]
  },
  "hoa.syn.decorrelation~": {
    "digest": "A multichannel decorrelator synthesizer.",
    "module": "hoa",
    "category": [
      "Process",
      "MSP",
      "abstraction"
    ]
  },
  "hoa.syn.delay~": {
    "digest": "A delay sound field synthesizer.",
    "module": "hoa",
    "category": [
      "Process",
      "MSP",
      "abstraction"
    ]
  },
  "hoa.syn.grain~": {
    "digest": "A granular sound field synthesizer.",
    "module": "hoa",
    "category": [
      "Process",
      "MSP",
      "abstraction"
    ]
  },
  "hoa.syn.ringmod~": {
    "digest": "A sound ring modulation field diffusion synthesizer.",
    "module": "hoa",
    "category": [
      "Process",
      "MSP",
      "abstraction"
    ]
  }
}
