{
	"2d": 
	{
    	"objects": [ 
    	"hoa.2d.decoder~",
		"hoa.2d.encoder~",
		"hoa.2d.exchanger~",
		"hoa.2d.map~",
		"hoa.2d.map",
		"hoa.2d.meter~",
		"hoa.2d.optim~",
		"hoa.2d.projector~",
		"hoa.2d.process~",
		"hoa.2d.recomposer~",
		"hoa.2d.recomposer",
		"hoa.2d.rotate~",
		"hoa.2d.scope~",
		"hoa.2d.space",
		"hoa.2d.vector~",
		"hoa.2d.wider~"
    	],
    	"description" : "The 2d ambisonic and planewaves objects."
    },

    "3d": 
	{
    	"objects": [ 
    	"hoa.3d.decoder~",
		"hoa.3d.encoder~",
		"hoa.3d.exchanger~",
		"hoa.3d.map~",
		"hoa.3d.map",
		"hoa.3d.meter~",
		"hoa.3d.optim~",
		"hoa.3d.process~",
		"hoa.3d.scope~",
		"hoa.3d.vector~",
		"hoa.3d.wider~"
    	],
    	"description" : "The 3d ambisonic and planewaves objects."
    },

    "Common": 
	{
    	"objects": [ 
		"hoa.connect",
		"hoa.dac~",
		"hoa.gain~",
		"hoa.in",
		"hoa.in~",
		"hoa.out",
		"hoa.out~",
		"hoa.pi",
		"hoa.pi~",
		"hoa.process~",
		"hoa.thisprocess~",
		"hoa.receive~",
		"hoa.send~"
    	],
    	"description" : "Various utility tools for multichannel patching and processing."
    },

    "process": 
	{
    	"objects": [
    	"hoa.fx.convolve~",
    	"hoa.fx.decorrelation~",
    	"hoa.syn.decorrelation~",
    	"hoa.fx.delay~",
    	"hoa.syn.delay~",
    	"hoa.fx.dephaser~",
    	"hoa.fx.freeverb~",
    	"hoa.fx.gain~",
		"hoa.fx.grain~",
		"hoa.syn.grain~",
		"hoa.fx.hiss.convolve~",
		"hoa.fx.mirror~",
		"hoa.fx.mixer~",
		"hoa.fx.ringmod~",
		"hoa.syn.ringmod~",
		"hoa.receive~",
		"hoa.send~"
    	],
    	"description" : "Examples of processing patches effects that can be loaded by a hoa.process~ object. \nYou can obviously create your own too."
    }
}